CPU Name,Predicted CPU Mark,Actual CPU Mark,Accuracy (%)
Intel Core i5-655K @ 3.20GHz,1936.65,2017,69.84687868080094
Intel Pentium E6500 @ 2.93GHz,1187.94,1172,69.84687868080094
[Dual CPU] Intel Xeon Platinum 8380 @ 2.30GHz,89228.92,91257,69.84687868080094
Intel Xeon E5-4620 @ 2.20GHz,7078.53,7037,69.84687868080094
AMD PRO A8-8650B,3337.54,3211,69.84687868080094
Intel Xeon E5-2667 v2 @ 3.30GHz,12589.6,12266,69.84687868080094
Intel Xeon w5-2455X,33087.45,37918,69.84687868080094
Intel Core i3-5157U @ 2.50GHz,2603.89,2593,69.84687868080094
Intel Xeon E5-2687W @ 3.10GHz,9126.02,9996,69.84687868080094
Intel Core i5-14600KF,40075.09,39329,69.84687868080094
AMD A8-9600,3386.51,3304,69.84687868080094
Intel Xeon E3-1270 v6 @ 3.80GHz,8658.41,8931,69.84687868080094
Intel Atom x5-Z8350 @ 1.44GHz,793.75,891,69.84687868080094
Intel Core i5-1240P,17912.6,17157,69.84687868080094
AMD Ryzen 3 3200U,3782.37,3795,69.84687868080094
[Quad CPU] Intel Xeon E7320 @ 2.13GHz,4801.41,5286,69.84687868080094
Intel Core i5-8300H @ 2.30GHz,7537.5,7467,69.84687868080094
Intel Xeon Phi 7210 @ 1.30GHz,25551.59,7306,69.84687868080094
Intel Celeron 7305E,2363.49,2404,69.84687868080094
AMD A4 PRO-7300B APU,1487.76,1458,69.84687868080094
Intel Pentium J4205 @ 1.50GHz,2205.13,2406,69.84687868080094
Intel Core i5-1335U,14841.51,14769,69.84687868080094
AMD A10-7400P,2346.7,2078,69.84687868080094
AMD EPYC 8124P,37035.0,36470,69.84687868080094
Intel Core i7-13700,39456.28,37037,69.84687868080094
AMD Ryzen 5 PRO 5650GE,18317.51,18382,69.84687868080094
AMD A9-9400,1968.91,1363,69.84687868080094
AMD Ryzen 9 8945HS,29578.47,29414,69.84687868080094
AMD Athlon X2 250,942.38,855,69.84687868080094
AMD E1-7010 APU,490.99,592,69.84687868080094
[Dual CPU] Intel Xeon E5-2630L v3 @ 1.80GHz,16037.0,14759,69.84687868080094
Intel Atom N475 @ 1.83GHz,193.99,179,69.84687868080094
Intel Xeon D-1747NTE @ 2.50GHz,17152.43,20279,69.84687868080094
[Dual CPU] Intel Xeon E5-2697 v3 @ 2.60GHz,25777.22,26746,69.84687868080094
AMD EPYC 7313P,41549.28,41657,69.84687868080094
Intel Core i3-2340UE @ 1.30GHz,803.65,976,69.84687868080094
[Dual CPU] Intel Xeon E5-2637 v2 @ 3.50GHz,12433.42,12040,69.84687868080094
[Dual CPU] Intel Xeon E5-2620 v2 @ 2.10GHz,11039.16,10843,69.84687868080094
Intel Core Ultra 5 135U,17951.68,17672,69.84687868080094
AMD Ryzen 3 PRO 4350G,10219.34,10921,69.84687868080094
Intel Core i5-560UM @ 1.33GHz,1017.68,1015,69.84687868080094
Intel Celeron G1620 @ 2.70GHz,1647.61,1560,69.84687868080094
AMD EPYC 7402P,44511.27,44068,69.84687868080094
AMD Ryzen 5 4600G,15444.75,16071,69.84687868080094
Intel Core i7-2675QM @ 2.20GHz,3557.16,3828,69.84687868080094
Intel Pentium 3556U @ 1.70GHz,1098.75,1058,69.84687868080094
Intel Core2 Duo P7350 @ 2.00GHz,766.62,748,69.84687868080094
AMD Athlon II X4 641 Quad-Core,2243.95,2313,69.84687868080094
Intel Xeon W-3375 @ 2.50GHz,58996.88,59069,69.84687868080094
Intel Core i5-8600T @ 2.30GHz,10378.32,9340,69.84687868080094
AMD PRO A10-8770,3885.2,3572,69.84687868080094
Intel Atom C2550 @ 2.40GHz,1370.28,1422,69.84687868080094
Intel Pentium E6700 @ 3.20GHz,1219.62,1182,69.84687868080094
Intel Core i5-6200U @ 2.30GHz,2869.77,2995,69.84687868080094
Intel Core i3-13100T,13322.88,13054,69.84687868080094
Intel Xeon E-2436,22172.02,22398,69.84687868080094
[Dual CPU] Intel Xeon Platinum 8280 @ 2.70GHz,63667.12,64291,69.84687868080094
AMD A6-6420B APU,1629.25,1550,69.84687868080094
Intel Xeon w5-2545,35524.61,41688,69.84687868080094
Intel Xeon Gold 6448Y,63965.72,60449,69.84687868080094
AMD A4-5300 APU,1373.08,1365,69.84687868080094
AMD Ryzen 7 2700,15014.05,15699,69.84687868080094
AMD Athlon 64 FX-62 Dual Core,1011.5,993,69.84687868080094
Intel Core i7-1060NG7 @ 1.20GHz,5725.24,6521,69.84687868080094
AMD Athlon II Neo N36L Dual-Core,498.09,487,69.84687868080094
Intel Xeon E5-2679 v4 @ 2.50GHz,25277.06,24131,69.84687868080094
AMD Ryzen 5 5600GT,19856.92,20258,69.84687868080094
AMD Ryzen 7 8840HS,23941.25,24603,69.84687868080094
[Dual CPU] Intel Xeon 5150 @ 2.66GHz,2016.95,2043,69.84687868080094
Intel Pentium Gold G6400E @ 3.80GHz,4072.46,3908,69.84687868080094
Intel Xeon D-1557 @ 1.50GHz,8655.62,9285,69.84687868080094
[Quad CPU] AMD Opteron 8356,5657.58,5397,69.84687868080094
Intel Pentium G2020T @ 2.50GHz,1519.52,1430,69.84687868080094
Intel Core i3-4158U @ 2.00GHz,1590.23,1921,69.84687868080094
Intel Xeon E3-1286L v3 @ 3.20GHz,7141.51,6929,69.84687868080094
Intel Atom x6414RE @ 1.50GHz,1220.94,1544,69.84687868080094
Intel Pentium G645 @ 2.90GHz,1404.06,1418,69.84687868080094
Intel Core2 Duo T6670 @ 2.20GHz,836.53,818,69.84687868080094
Intel Core i5-3437U @ 1.90GHz,2504.02,2301,69.84687868080094
Intel Pentium Gold G5620 @ 4.00GHz,4426.6,4272,69.84687868080094
Intel Xeon E5-2650 @ 2.00GHz,7356.85,7375,69.84687868080094
AMD A4-6250J APU,1682.75,1656,69.84687868080094
AMD Opteron 275,724.33,839,69.84687868080094
Intel Core i7-9850HL @ 1.90GHz,7644.03,7897,69.84687868080094
Intel Xeon X5679 @ 3.20GHz,6912.34,7095,69.84687868080094
AMD Ryzen Threadripper 3970X,63419.97,63106,69.84687868080094
AMD Athlon II N330 Dual-Core,708.6,665,69.84687868080094
Intel Core i3-4030Y @ 1.60GHz,1506.64,1654,69.84687868080094
[Dual CPU] AMD Opteron 6328,8979.38,9508,69.84687868080094
AMD PRO A12-8870,4180.45,3869,69.84687868080094
Intel Xeon D-2795NT @ 2.00GHz,31037.54,28463,69.84687868080094
Intel Pentium 957 @ 1.20GHz,600.89,622,69.84687868080094
Intel Core i7-4790 @ 3.60GHz,7191.54,7270,69.84687868080094
Intel Pentium E5500 @ 2.80GHz,1052.74,1037,69.84687868080094
AMD Opteron 4130,2326.51,2347,69.84687868080094
AMD EPYC 9354P,79993.75,76605,69.84687868080094
Intel Pentium J2850 @ 2.41GHz,1287.69,1016,69.84687868080094
AMD A8-6500B APU,2922.07,2876,69.84687868080094
Intel N97,6545.06,5819,69.84687868080094
Intel Core i5-6442EQ @ 1.90GHz,5382.64,4487,69.84687868080094
AMD EPYC 7F52,40229.62,40251,69.84687868080094
Intel Core Solo U1500 @ 1.33GHz,177.65,164,69.84687868080094
Intel Core i5-14400,27838.23,25796,69.84687868080094
Intel Xeon 5120 @ 1.86GHz,719.68,763,69.84687868080094
AMD A10-7800 APU,3206.61,3208,69.84687868080094
Intel Xeon E5607 @ 2.27GHz,2150.31,2686,69.84687868080094
Intel Xeon X3430 @ 2.40GHz,1970.81,2293,69.84687868080094
Intel Celeron N4100 @ 1.10GHz,2770.94,2454,69.84687868080094
VIA Nano L2100@1800MHz,168.42,279,69.84687868080094
Intel Xeon Gold 6248 @ 2.50GHz,29869.32,29831,69.84687868080094
AMD EPYC 7713,92657.25,82666,69.84687868080094
AMD Ryzen 5 7530U,14764.55,16075,69.84687868080094
AMD C-30,182.09,178,69.84687868080094
AMD Ryzen 9 5900HS Creator Edition,22011.52,22138,69.84687868080094
[Dual CPU] Intel Xeon E7- 4807 @ 1.87GHz,6159.1,6223,69.84687868080094
AMD FX-8370 Eight-Core,5638.16,6171,69.84687868080094
Intel Pentium G3240T @ 2.70GHz,1635.03,1630,69.84687868080094
Intel Pentium G4400T @ 2.90GHz,2633.77,2345,69.84687868080094
Intel Core i5-1145G7 @ 2.60GHz,10688.66,9800,69.84687868080094
AMD Turion II Ultra Dual-Core Mobile M640,1011.34,1034,69.84687868080094
Intel Core i3-2312M @ 2.10GHz,1005.58,1128,69.84687868080094
AMD Ryzen Threadripper 2920X,24924.91,25427,69.84687868080094
Intel Core i7-5850EQ @ 2.70GHz,6881.52,7036,69.84687868080094
[Dual CPU] Intel Xeon 3.40GHz,982.01,843,69.84687868080094
Intel Core i5-10310U @ 1.70GHz,6677.91,6434,69.84687868080094
AMD Opteron 3380,4323.78,4134,69.84687868080094
Intel Core i5-4300M @ 2.60GHz,2908.87,2970,69.84687868080094
Intel Core Duo T2400 @ 1.83GHz,354.52,362,69.84687868080094
Intel Celeron 2002E @ 1.50GHz,991.3,1091,69.84687868080094
AMD GX-218GL SOC,715.65,754,69.84687868080094
[Dual CPU] Intel Xeon Gold 6254 @ 3.10GHz,54095.02,53981,69.84687868080094
Intel Core i7-12700,31733.11,30788,69.84687868080094
Intel Xeon E5-4667 v4 @ 2.20GHz,20473.98,20319,69.84687868080094
AMD Ryzen 5 PRO 7530U,15152.28,15015,69.84687868080094
Intel Xeon E5-2699 v3 @ 2.30GHz,19875.28,20316,69.84687868080094
[Dual CPU] Intel Xeon Gold 6548Y+,81335.21,85587,69.84687868080094
Intel Xeon E-2288G @ 3.70GHz,17502.6,17444,69.84687868080094
[Dual CPU] Intel Xeon W5580 @ 3.20GHz,5340.02,6384,69.84687868080094
Intel Celeron M 420 @ 1.60GHz,204.48,139,69.84687868080094
Intel Core i7-1370P,21047.81,20193,69.84687868080094
Intel Xeon 3.00GHz,409.87,425,69.84687868080094
AMD Ryzen 7 PRO 6860Z,20229.84,20863,69.84687868080094
Intel Core i7-8700B @ 3.20GHz,14527.3,11917,69.84687868080094
AMD Ryzen 7 7840H,26364.97,28391,69.84687868080094
[Dual CPU] AMD Opteron 2220,1582.32,1533,69.84687868080094
Intel Xeon W-2225 @ 4.10GHz,9210.63,10539,69.84687868080094
[Dual CPU] Intel Xeon Platinum 8568Y+,113703.64,125432,69.84687868080094
Intel Core i3-3110M @ 2.40GHz,1647.71,1634,69.84687868080094
Intel Xeon E5-1660 v2 @ 3.70GHz,10336.7,10268,69.84687868080094
Intel Xeon E-2246G @ 3.60GHz,13792.99,13785,69.84687868080094
Intel Xeon E5-2648L v2 @ 1.90GHz,9787.99,8828,69.84687868080094
AMD A6-5350M APU,1237.86,1232,69.84687868080094
Intel Core i3-11100HE @ 2.40GHz,12175.47,11289,69.84687868080094
[Dual CPU] Intel Xeon E5540 @ 2.53GHz,4668.14,4793,69.84687868080094
[Quad CPU] AMD Opteron 6278,13139.07,13733,69.84687868080094
Intel Xeon E3-1505M v6 @ 3.00GHz,7590.31,7466,69.84687868080094
[Dual CPU] AMD EPYC 9474F,141301.05,148891,69.84687868080094
AMD A10-9630P,3067.88,2909,69.84687868080094
Intel Core i7-10875H @ 2.30GHz,15390.92,14907,69.84687868080094
Intel Core i3-550 @ 3.20GHz,1517.42,1608,69.84687868080094
[Dual CPU] Intel Xeon E5-2658 v4 @ 2.30GHz,27639.46,27797,69.84687868080094
Intel Xeon Platinum 8176 @ 2.10GHz,25665.6,23179,69.84687868080094
Intel Core i7-8665UE @ 1.70GHz,5409.14,5170,69.84687868080094
[Dual CPU] Intel Xeon Platinum 8256 @ 3.80GHz,16224.2,16787,69.84687868080094
AMD EPYC 4584PX,56822.74,62120,69.84687868080094
[Dual CPU] Intel Xeon E5-2650 v3 @ 2.30GHz,20647.79,19743,69.84687868080094
Intel Celeron 440 @ 2.00GHz,378.52,368,69.84687868080094
Intel Pentium Gold G7400T,5437.39,5737,69.84687868080094
AMD Opteron 4284,4237.4,4665,69.84687868080094
AMD Ryzen 5 PRO 7540U,18386.99,18071,69.84687868080094
Intel Core i7-4810MQ @ 2.80GHz,6099.87,6062,69.84687868080094
AMD Athlon 64 X2 QL-65,638.05,637,69.84687868080094
Intel Pentium 6405U @ 2.40GHz,2308.17,2356,69.84687868080094
AMD A8-7600 APU,3195.9,3215,69.84687868080094
Intel Core i5-8500 @ 3.00GHz,9919.32,9548,69.84687868080094
Intel Core i5-6400 @ 2.70GHz,5080.81,5164,69.84687868080094
Intel Celeron 807 @ 1.50GHz,303.59,392,69.84687868080094
Intel Core i3-4360 @ 3.70GHz,3571.04,3647,69.84687868080094
AMD A6-3420M APU,1568.72,1294,69.84687868080094
AMD E2-3000 APU,703.06,726,69.84687868080094
[Dual CPU] Intel Xeon E7-8880 v4 @ 2.20GHz,39347.08,37875,69.84687868080094
AMD A4 PRO-3340B,1681.03,1645,69.84687868080094
Intel Celeron M 443 @ 1.20GHz,179.2,125,69.84687868080094
[Dual CPU] Intel Xeon Gold 5318Y @ 2.10GHz,57164.34,56985,69.84687868080094
AMD A8-6600K APU,2990.4,3007,69.84687868080094
Intel Xeon 3050 @ 2.13GHz,673.76,818,69.84687868080094
Intel Core i3-530 @ 2.93GHz,1358.05,1500,69.84687868080094
AMD FX-6330 Six-Core,4203.22,4433,69.84687868080094
Intel Pentium G3258 @ 3.20GHz,2120.38,2076,69.84687868080094
AMD E2-7110 APU,1455.67,1515,69.84687868080094
AMD Turion X2 Dual-Core Mobile RM-76,803.01,799,69.84687868080094
[Quad CPU] AMD Opteron 6378,12862.17,13236,69.84687868080094
Intel Xeon X3480 @ 3.07GHz,3304.36,3273,69.84687868080094
Intel Core i7-4771 @ 3.50GHz,7099.55,7137,69.84687868080094
Intel Core i7-8565U @ 1.80GHz,6311.0,6067,69.84687868080094
Intel Core m5-6Y57 @ 1.10GHz,2211.63,2352,69.84687868080094
[Dual CPU] Intel Xeon E5503 @ 2.00GHz,1582.93,1787,69.84687868080094
Intel Core i3-8100 @ 3.60GHz,6222.87,6108,69.84687868080094
Intel Celeron 1020M @ 2.10GHz,1299.6,1275,69.84687868080094
[Dual CPU] Intel Xeon Bronze 3206R @ 1.90GHz,11027.55,10797,69.84687868080094
Intel Xeon X5647 @ 2.93GHz,3608.68,4441,69.84687868080094
AMD EPYC 8324P,56353.28,57127,69.84687868080094
AMD Athlon X2 Dual Core L310,383.88,329,69.84687868080094
AMD Sempron 3850 APU,982.66,1150,69.84687868080094
Intel Atom C1110,2927.48,3170,69.84687868080094
AMD Ryzen 3 PRO 5450U,10677.64,11015,69.84687868080094
Intel Core M-5Y70 @ 1.10GHz,1839.86,1823,69.84687868080094
AMD EPYC 9754,105807.76,100460,69.84687868080094
[Dual CPU] Intel Xeon E7- 4850 @ 2.00GHz,8694.0,9571,69.84687868080094
[Dual CPU] Intel Xeon Silver 4416+,67159.15,64909,69.84687868080094
[Dual CPU] Intel Xeon E5-4669 v3 @ 2.10GHz,30516.68,31494,69.84687868080094
[Dual CPU] Intel Xeon X5460 @ 3.16GHz,5026.3,5066,69.84687868080094
Intel Core i7-6700K @ 4.00GHz,7945.75,8927,69.84687868080094
[Quad CPU] Intel Xeon Gold 5318H @ 2.50GHz,60808.74,70723,69.84687868080094
Intel Xeon W3550 @ 3.07GHz,3149.99,3214,69.84687868080094
Intel Core i7-3770K @ 3.50GHz,6217.36,6462,69.84687868080094
Intel Xeon E3-1575M v5 @ 3.00GHz,7807.71,8006,69.84687868080094
[Dual CPU] Intel Xeon E5-2450 v2 @ 2.50GHz,16349.24,16884,69.84687868080094
Intel Xeon Silver 4510,35401.28,34170,69.84687868080094
AMD E-350 APU,424.06,423,69.84687868080094
[Dual CPU] Intel Xeon E5-2650L v4 @ 1.70GHz,22991.62,25440,69.84687868080094
Intel Pentium Silver N5020 @ 1.10GHz,3125.78,3404,69.84687868080094
Intel Pentium 4415Y @ 1.60GHz,1255.85,1581,69.84687868080094
Intel Core i7-3610QE @ 2.30GHz,4772.31,5026,69.84687868080094
AMD Athlon X2 255,977.02,938,69.84687868080094
Intel Xeon E5-2403 v2 @ 1.80GHz,2124.54,2873,69.84687868080094
AMD EPYC 9184X,46867.91,50344,69.84687868080094
Intel Core i5-2430M @ 2.40GHz,1976.81,2004,69.84687868080094
AMD PRO A12-8830B,2763.13,2517,69.84687868080094
Intel Xeon E-2334 @ 3.40GHz,13553.15,13011,69.84687868080094
AMD EPYC 7742,71685.23,69663,69.84687868080094
Intel Core2 Duo E6700 @ 2.66GHz,984.63,990,69.84687868080094
Intel Xeon E5-4650L @ 2.60GHz,8694.07,8533,69.84687868080094
Intel Xeon W-11155MLE @ 1.80GHz,5853.1,8502,69.84687868080094
AMD Ryzen 3 5300U,9375.19,9680,69.84687868080094
Intel Core i3-10300 @ 3.70GHz,9260.74,9308,69.84687868080094
AMD Ryzen 7 7735H,23795.98,24025,69.84687868080094
AMD Ryzen 7 7840HS,27998.14,28916,69.84687868080094
AMD A10-7890K,3470.74,3519,69.84687868080094
Intel Core i5-10505 @ 3.20GHz,14535.49,12156,69.84687868080094
[Dual CPU] Intel Xeon X5647 @ 2.93GHz,7781.33,8369,69.84687868080094
Intel Core2 Duo E8500 @ 3.16GHz,1271.49,1268,69.84687868080094
Intel Core i7-9700E @ 2.60GHz,14693.47,12600,69.84687868080094
AMD Athlon 64 4000+,332.9,340,69.84687868080094
Intel Core2 Duo E7200 @ 2.53GHz,972.61,996,69.84687868080094
AMD EPYC 4124P,14522.82,18637,69.84687868080094
AMD Athlon II X2 250u,677.94,597,69.84687868080094
[Dual CPU] Intel Xeon E5-2650 v2 @ 2.60GHz,16726.18,17389,69.84687868080094
AMD Athlon II N350 Dual-Core,867.26,767,69.84687868080094
AMD Ryzen 5 PRO 2500U,6359.7,6638,69.84687868080094
AMD GX-222GC SOC,1056.23,1044,69.84687868080094
Intel Core i7-2700K @ 3.50GHz,5518.38,5744,69.84687868080094
AMD Ryzen Threadripper 1950X,28722.66,27612,69.84687868080094
Intel Core i9-13900KS,60014.53,61686,69.84687868080094
Mobile Intel Pentium 4 3.06GHz,230.36,220,69.84687868080094
AMD Ryzen 5 8600G,25539.47,25285,69.84687868080094
Intel Core i7-7560U @ 2.40GHz,3820.8,3780,69.84687868080094
Intel Xeon Platinum 8380 @ 2.30GHz,61024.09,62318,69.84687868080094
AMD Opteron 180,705.09,746,69.84687868080094
[Quad CPU] Intel Xeon E5-4667 v4 @ 2.20GHz,53768.78,53402,69.84687868080094
Intel Celeron G530T @ 2.00GHz,1054.28,1056,69.84687868080094
AMD Ryzen 5 3600XT,15964.01,18640,69.84687868080094
Intel Core Duo L2300 @ 1.50GHz,432.35,387,69.84687868080094
Intel Core2 Duo T8300 @ 2.40GHz,914.86,896,69.84687868080094
AMD Turion X2 Dual Core Mobile RM-70,453.16,497,69.84687868080094
Intel Xeon Gold 6262 @ 1.90GHz,21003.34,21823,69.84687868080094
[Dual CPU] Intel Xeon Platinum 8260M @ 2.30GHz,55964.41,55297,69.84687868080094
AMD Athlon Neo X2 Dual Core L325,545.32,556,69.84687868080094
[Quad CPU] Intel Xeon E5-4669 v3 @ 2.10GHz,45850.81,41232,69.84687868080094
AMD Athlon PRO 300U,4024.65,4080,69.84687868080094
Intel Core i5-4460T @ 1.90GHz,3719.91,3647,69.84687868080094
Intel Xeon Gold 6246R @ 3.40GHz,30681.31,30468,69.84687868080094
[Dual CPU] Intel Xeon Gold 6268CL @ 2.80GHz,60108.51,60687,69.84687868080094
Intel Core i5-4570TE @ 2.70GHz,2798.88,3074,69.84687868080094
AMD A6-5400K APU,1267.06,1270,69.84687868080094
[Dual CPU] Intel Xeon Gold 6262 @ 1.90GHz,50167.49,47488,69.84687868080094
AMD Turion 64 Mobile ML-30,224.49,277,69.84687868080094
AMD Ryzen Threadripper PRO 7985WX,134956.84,135597,69.84687868080094
Intel Xeon E5-4610 v3 @ 1.70GHz,7471.28,7229,69.84687868080094
AMD Ryzen 5 Pro 7535U,17522.43,17547,69.84687868080094
Intel Xeon L3360 @ 2.83GHz,2713.59,2412,69.84687868080094
Intel Core i7-940 @ 2.93GHz,2971.78,2947,69.84687868080094
Intel Xeon Silver 4215 @ 2.50GHz,15150.65,14439,69.84687868080094
AMD Turion II Dual-Core Mobile M540,918.76,912,69.84687868080094
Intel Xeon E5-2678 v3 @ 2.50GHz,14714.21,14712,69.84687868080094
Intel Xeon Silver 4215R @ 3.20GHz,15087.08,15004,69.84687868080094
[Dual CPU] AMD EPYC 7702,90871.36,94529,69.84687868080094
Intel Core i7-7700HQ @ 2.80GHz,6534.11,6908,69.84687868080094
Intel Core i3-6100H @ 2.70GHz,2696.87,3041,69.84687868080094
AMD Ryzen 7 5800U,18324.01,18424,69.84687868080094
Intel Xeon E-2378G @ 2.80GHz,21919.01,21153,69.84687868080094
AMD Ryzen 5 3580U,7084.84,7271,69.84687868080094
Intel Celeron 215 @ 1.33GHz,186.81,174,69.84687868080094
Intel Xeon D-1540 @ 2.00GHz,9569.0,10061,69.84687868080094
Intel Xeon E5-2448L v2 @ 1.80GHz,7220.14,6774,69.84687868080094
Intel Core i5-9600KF @ 3.70GHz,12323.08,10680,69.84687868080094
AMD A4-3310MX APU,736.76,782,69.84687868080094
Dual-Core AMD Opteron 1220 SE,742.1,748,69.84687868080094
AMD Opteron 150,364.5,393,69.84687868080094
Intel Core i7-2600K @ 3.40GHz,5343.64,5489,69.84687868080094
Intel U300,9741.61,8355,69.84687868080094
[Dual CPU] Intel Xeon Gold 6354 @ 3.00GHz,62777.69,64487,69.84687868080094
Intel Xeon E5-4610 @ 2.40GHz,6737.46,6460,69.84687868080094
Intel Core i3-8145UE @ 2.20GHz,4962.32,4099,69.84687868080094
Intel Xeon Gold 6538N,43232.84,44895,69.84687868080094
Intel Pentium N3530 @ 2.16GHz,1340.76,1189,69.84687868080094
Intel Xeon Gold 6330N @ 2.20GHz,36385.79,36360,69.84687868080094
AMD 3020e,2748.56,2448,69.84687868080094
Intel Xeon D-2796TE @ 2.00GHz,28002.07,26342,69.84687868080094
AMD Phenom II X4 900e,1721.44,1505,69.84687868080094
[Quad CPU] Intel Xeon X7550 @ 2.00GHz,13323.04,14723,69.84687868080094
AMD Ryzen 7 PRO 4750GE,19068.22,18465,69.84687868080094
[Dual CPU] Intel Xeon E5504 @ 2.00GHz,3152.59,3305,69.84687868080094
Intel Core i9-7920X @ 2.90GHz,23464.27,23680,69.84687868080094
Intel Xeon E5-1680 v3 @ 3.20GHz,13037.7,13108,69.84687868080094
AMD Opteron 6164 HE,2782.92,3478,69.84687868080094
Intel Xeon E5-4627 v2 @ 3.30GHz,10041.21,9320,69.84687868080094
[Quad CPU] Intel Xeon E5-2420 @ 1.90GHz,3822.45,3065,69.84687868080094
AMD Athlon X4 860K,3406.53,3432,69.84687868080094
[Dual CPU] Intel Xeon Gold 6136 @ 3.00GHz,34422.87,35966,69.84687868080094
Intel Core i5-10500 @ 3.10GHz,14396.98,13318,69.84687868080094
Intel Xeon E-2278GEL @ 2.00GHz,13252.5,12024,69.84687868080094
Intel Celeron N2815 @ 1.86GHz,551.65,495,69.84687868080094
Intel Xeon W-1290P @ 3.70GHz,22317.78,22435,69.84687868080094
Intel Core i3-4160T @ 3.10GHz,3132.38,3112,69.84687868080094
AMD Athlon II X2 245,1107.18,1110,69.84687868080094
Intel Xeon E5-2620 @ 2.00GHz,5608.55,5291,69.84687868080094
AMD Ryzen Threadripper 1920X,23307.57,23086,69.84687868080094
Intel Atom x5-E3930 @ 1.30GHz,703.51,928,69.84687868080094
Intel Xeon E5-2670 @ 2.60GHz,9234.45,8956,69.84687868080094
Intel Core i5-9500TE @ 2.20GHz,10572.98,9861,69.84687868080094
AMD A10-6700 APU,3812.21,3104,69.84687868080094
Intel Core i7-4700MQ @ 2.40GHz,5394.62,5345,69.84687868080094
Intel Core i9-10900KF @ 3.70GHz,22451.5,22536,69.84687868080094
Intel Atom C2358 @ 1.74GHz,452.9,578,69.84687868080094
AMD Athlon 64 FX-57,436.44,517,69.84687868080094
Intel Core i3-10300T @ 3.00GHz,8332.8,7975,69.84687868080094
[Dual CPU] Intel Xeon X5672 @ 3.20GHz,8522.48,8825,69.84687868080094
AMD Ryzen 3 5300G,11903.61,12913,69.84687868080094
Intel Xeon Bronze 3104 @ 1.70GHz,4858.17,4437,69.84687868080094
Intel Atom N550 @ 1.50GHz,344.85,283,69.84687868080094
[Dual CPU] AMD EPYC 9224,84388.22,92938,69.84687868080094
Intel Pentium D 915 @ 2.80GHz,599.16,465,69.84687868080094
Intel Core i3-3240T @ 2.90GHz,2022.13,2037,69.84687868080094
AMD Phenom II X4 B99,2916.86,2536,69.84687868080094
AMD A8-7680,4058.81,3544,69.84687868080094
[Dual CPU] Intel Xeon Gold 5416S,55558.54,62325,69.84687868080094
Intel Core i7-5850HQ @ 2.70GHz,7377.1,6866,69.84687868080094
Intel Pentium 4405Y @ 1.50GHz,1202.32,1526,69.84687868080094
Intel Core2 Duo P9600 @ 2.53GHz,1138.65,1040,69.84687868080094
AMD A4-7300 APU,1529.76,1529,69.84687868080094
Intel Celeron B810 @ 1.60GHz,766.51,775,69.84687868080094
AMD Turion X2 Dual Core L510,551.08,603,69.84687868080094
AMD Athlon II X2 240e,1030.73,987,69.84687868080094
Intel Core i5-8279U @ 2.40GHz,8457.43,7465,69.84687868080094
Intel Core i7-4900MQ @ 2.80GHz,6315.42,6117,69.84687868080094
Intel Pentium D 950 @ 3.40GHz,636.22,681,69.84687868080094
[Dual CPU] Intel Xeon E5345 @ 2.33GHz,3706.2,3458,69.84687868080094
Intel Core2 Duo T9500 @ 2.60GHz,1082.38,1046,69.84687868080094
Intel Core i3-10100 @ 3.60GHz,8745.61,8651,69.84687868080094
[Dual CPU] AMD EPYC 7F32,34853.02,39712,69.84687868080094
[Dual CPU] Intel Xeon L5410 @ 2.33GHz,4894.16,3974,69.84687868080094
Intel Celeron G4900T @ 2.90GHz,2343.04,2239,69.84687868080094
Intel Xeon W-2125 @ 4.00GHz,8295.18,10027,69.84687868080094
Athlon Dual Core 4050e,609.56,670,69.84687868080094
Intel Core i5-7600K @ 3.80GHz,7269.26,6807,69.84687868080094
Intel Xeon Platinum 8260 @ 2.40GHz,30187.45,30347,69.84687868080094
AMD A8-4500M APU,1406.17,1683,69.84687868080094
AMD Opteron 2222,879.24,1198,69.84687868080094
Intel Pentium M 1.40GHz,213.39,225,69.84687868080094
Intel Core Ultra 5 125H,22710.49,22397,69.84687868080094
Intel Atom x6425RE @ 1.90GHz,3007.97,2990,69.84687868080094
Intel Xeon X3370 @ 3.00GHz,2441.05,2465,69.84687868080094
Intel Pentium A1018 @ 2.10GHz,1209.74,1210,69.84687868080094
AMD Ryzen Threadripper 1920,21943.62,22066,69.84687868080094
[Dual CPU] Intel Xeon E5530 @ 2.40GHz,5311.86,5214,69.84687868080094
[Dual CPU] Intel Xeon X5570 @ 2.93GHz,7519.32,6238,69.84687868080094
[Quad CPU] Intel Xeon Platinum 8160 @ 2.10GHz,63259.07,72905,69.84687868080094
AMD EPYC 72F3,26500.07,27252,69.84687868080094
Intel Core i9-9940X @ 3.30GHz,27434.13,27996,69.84687868080094
[Dual CPU] Intel Xeon E5506 @ 2.13GHz,3742.58,3710,69.84687868080094
Intel Core2 Duo T7200 @ 2.00GHz,740.37,738,69.84687868080094
[Dual CPU] AMD EPYC 7573X,104140.18,103531,69.84687868080094
Intel Pentium G3440 @ 3.30GHz,2240.01,2202,69.84687868080094
AMD A6-7310 APU,1731.42,1724,69.84687868080094
AMD A4-9120,1251.8,1224,69.84687868080094
Intel Xeon E3-1505L v5 @ 2.00GHz,4914.44,5083,69.84687868080094
Intel Core i5-5675C @ 3.10GHz,5910.64,5606,69.84687868080094
AMD Phenom 9600B Quad-Core,1819.97,1822,69.84687868080094
AMD EPYC 7451,27502.9,25863,69.84687868080094
AMD E1-6010 APU,470.97,535,69.84687868080094
Intel Core Duo T2500 @ 2.00GHz,515.81,408,69.84687868080094
Intel Atom N280 @ 1.66GHz,194.76,157,69.84687868080094
[Dual CPU] Intel Xeon E5-2603 @ 1.80GHz,3744.53,4433,69.84687868080094
Intel Core i7-1180G7 @ 1.30GHz,8937.65,8293,69.84687868080094
Intel Xeon 5160 @ 3.00GHz,1027.82,963,69.84687868080094
[Dual CPU] Intel Xeon Platinum 8468,118190.09,126838,69.84687868080094
Intel Xeon E3-1276 v3 @ 3.60GHz,7390.6,7508,69.84687868080094
[Dual CPU] AMD Opteron 4386,8336.25,9253,69.84687868080094
Intel Core i5-8250U @ 1.60GHz,6210.19,5868,69.84687868080094
AMD G-T40N,316.54,299,69.84687868080094
Intel Celeron J3455E @ 1.50GHz,2164.83,2193,69.84687868080094
Intel Xeon Gold 6258R @ 2.70GHz,39380.29,40252,69.84687868080094
AMD Opteron 170,621.84,648,69.84687868080094
Intel Xeon Platinum P-8124 @ 3.00GHz,27957.22,22674,69.84687868080094
Intel Xeon E-2478,28318.44,29827,69.84687868080094
AMD EPYC 7281,21585.95,21621,69.84687868080094
AMD Sempron 210U,224.43,267,69.84687868080094
Intel Core i5-3427U @ 1.80GHz,2105.1,2252,69.84687868080094
Intel Xeon E5-2667 v4 @ 3.20GHz,13810.67,13847,69.84687868080094
Intel Celeron N5095 @ 2.00GHz,4017.18,4086,69.84687868080094
AMD Athlon X3 435,1747.0,1781,69.84687868080094
Intel Core i7-7700T @ 2.90GHz,7380.87,7597,69.84687868080094
Intel Core i5-6402P @ 2.80GHz,5956.65,5379,69.84687868080094
[5-Way CPU] AMD Ryzen 9 5950X,17630.5,13220,69.84687868080094
Intel Xeon E3-1230L v3 @ 1.80GHz,5034.94,5251,69.84687868080094
AMD Sempron 3400+,295.89,292,69.84687868080094
AMD Phenom 8850B Triple-Core,1234.67,1281,69.84687868080094
Intel Xeon Gold 6348 @ 2.60GHz,52973.35,52276,69.84687868080094
AMD Athlon X2 450,829.07,1295,69.84687868080094
[Dual CPU] Intel Xeon Gold 6530,96809.7,97607,69.84687868080094
AMD A10-8700P,1886.26,2245,69.84687868080094
AMD A8-3850 APU,2256.67,2374,69.84687868080094
Intel Core i7-13850HX,36485.94,37987,69.84687868080094
Intel Core i7-5550U @ 2.00GHz,3013.24,2864,69.84687868080094
Intel Core i5-9600T @ 2.30GHz,11648.83,9620,69.84687868080094
AMD PRO A4-4350B,1163.76,1134,69.84687868080094
Intel Core i5-9600K @ 3.70GHz,12323.08,10671,69.84687868080094
Intel Xeon E5-2648L @ 1.80GHz,5225.2,5262,69.84687868080094
AMD Athlon Gold PRO 3150G,7976.87,7702,69.84687868080094
Intel Core i5-3340M @ 2.70GHz,2861.26,2694,69.84687868080094
Intel Core i7-9700TE @ 1.80GHz,11779.44,10203,69.84687868080094
[Dual CPU] Intel Xeon Gold 6342 @ 2.80GHz,73452.22,73194,69.84687868080094
Intel Xeon E5-4620 v3 @ 2.00GHz,10519.92,10525,69.84687868080094
[Dual CPU] Intel Xeon E5-2440 @ 2.40GHz,10430.1,10776,69.84687868080094
Intel Core Duo T2300 @ 1.66GHz,339.51,325,69.84687868080094
Intel Xeon E5-2689 v4 @ 3.10GHz,16976.06,17049,69.84687868080094
Intel Pentium Extreme Edition 955 @ 3.46GHz,600.43,469,69.84687868080094
AMD Ryzen 7 2700X,18549.72,17519,69.84687868080094
AMD Ryzen 7 PRO 6850H,22877.18,22960,69.84687868080094
Intel Xeon D-1559 @ 1.50GHz,8240.32,8015,69.84687868080094
AMD Phenom II X4 850,2416.9,2400,69.84687868080094
Intel Core2 Duo P8800 @ 2.66GHz,1064.99,937,69.84687868080094
AMD Athlon II X4 638 Quad-Core,2554.58,2250,69.84687868080094
[Quad CPU] Intel Xeon E5-4650 @ 2.70GHz,23523.22,27008,69.84687868080094
Intel Celeron E1600 @ 2.40GHz,846.29,840,69.84687868080094
Intel Xeon E-2124G @ 3.40GHz,8069.44,7418,69.84687868080094
Intel Xeon Gold 6526Y,46801.9,46025,69.84687868080094
AMD PRO A6-8500B,1726.23,1601,69.84687868080094
[Dual CPU] Intel Xeon Gold 6334 @ 3.60GHz,32665.27,34757,69.84687868080094
AMD Ryzen 5 1500X,8156.66,9102,69.84687868080094
AMD Ryzen 5 1400,6341.04,7753,69.84687868080094
Intel Xeon E3-1245 V2 @ 3.40GHz,6046.82,6308,69.84687868080094
[Dual CPU] Intel Xeon X5560 @ 2.80GHz,6511.0,5864,69.84687868080094
AMD Opteron 6128,2838.29,2826,69.84687868080094
AMD PRO A10-8750B,2700.06,2879,69.84687868080094
AMD Phenom II X940 Quad-Core,1597.03,1797,69.84687868080094
Intel Core m7-6Y75 @ 1.20GHz,2179.31,2326,69.84687868080094
Intel Core i5-14400F,26325.03,25624,69.84687868080094
Intel Xeon E5-2669 v3 @ 2.30GHz,15223.67,16107,69.84687868080094
AMD Athlon X3 440,1561.42,1438,69.84687868080094
Intel Core i5-2557M @ 1.70GHz,1671.16,1713,69.84687868080094
AMD Ryzen 3 PRO 2300U,5606.69,5795,69.84687868080094
Intel Xeon E5-2637 v2 @ 3.50GHz,6390.54,6457,69.84687868080094
Intel Core i5-4210M @ 2.60GHz,2835.17,2888,69.84687868080094
Intel Core2 Extreme X6800 @ 2.93GHz,1045.55,1095,69.84687868080094
Intel Core i7-8706G @ 3.10GHz,7545.31,7287,69.84687868080094
AMD Ryzen 3 5300GE,12396.19,13074,69.84687868080094
AMD A8-6410 APU,1883.47,1771,69.84687868080094
Intel Xeon E-2236 @ 3.40GHz,13861.36,14012,69.84687868080094
AMD Turion Dual-Core RM-74,569.55,588,69.84687868080094
Intel Core i5-2380P @ 3.10GHz,4302.01,3797,69.84687868080094
[Dual CPU] AMD Ryzen Threadripper PRO 3995WX,113456.75,113693,69.84687868080094
[Dual CPU] Intel Xeon E5-2683 v3 @ 2.00GHz,23751.1,23992,69.84687868080094
Intel Core i5-9400H @ 2.50GHz,8461.33,7912,69.84687868080094
Intel Core i3-2100 @ 3.10GHz,1850.55,1855,69.84687868080094
[Dual CPU] AMD EPYC 7513,87425.63,96409,69.84687868080094
AMD Ryzen 7 9700X,33645.47,37304,69.84687868080094
AMD Ryzen 9 PRO 5945,30275.91,34573,69.84687868080094
Intel Core i7-3632QM @ 2.20GHz,4602.01,4697,69.84687868080094
Intel Core i7-6770HQ @ 2.60GHz,6634.88,7087,69.84687868080094
Intel Core i7-1250U,12755.72,11722,69.84687868080094
Intel Xeon E5-2603 v2 @ 1.80GHz,2089.64,2735,69.84687868080094
Intel Xeon L5430 @ 2.66GHz,2637.65,2260,69.84687868080094
Intel Xeon X5460 @ 3.16GHz,2515.51,2572,69.84687868080094
Intel Core i7-4770T @ 2.50GHz,5992.69,5973,69.84687868080094
AMD Embedded R-Series RX-421ND,3157.83,3024,69.84687868080094
AMD Athlon II X4 557,2834.7,2567,69.84687868080094
Intel Xeon X3330 @ 2.66GHz,2198.34,2111,69.84687868080094
[Dual CPU] AMD Opteron 285,1687.57,1441,69.84687868080094
AMD Ryzen Threadripper 2950X,31126.56,29442,69.84687868080094
Intel Xeon W3530 @ 2.80GHz,3027.83,3068,69.84687868080094
Intel Core i7-11700F @ 2.50GHz,22524.39,20997,69.84687868080094
Intel Core2 Duo T7300 @ 2.00GHz,685.97,680,69.84687868080094
[Dual CPU] Intel Xeon Gold 6253CL @ 3.10GHz,49022.39,49872,69.84687868080094
AMD A8-3800 APU,2153.32,2049,69.84687868080094
Intel Core i3-14100,14388.4,15043,69.84687868080094
Intel Core i5-13420H,22057.47,18600,69.84687868080094
Intel Core Duo T2600 @ 2.16GHz,544.47,460,69.84687868080094
[Dual CPU] Intel Xeon E5-2637 @ 3.00GHz,4248.99,5775,69.84687868080094
Intel Xeon E5-2418L v2 @ 2.00GHz,6206.85,5380,69.84687868080094
Intel Xeon E5-1620 v4 @ 3.50GHz,7430.82,7382,69.84687868080094
Intel Core i5-7200U @ 2.50GHz,3263.02,3387,69.84687868080094
Intel Core i3-380M @ 2.53GHz,1162.61,1200,69.84687868080094
Intel Xeon E7-8891 v3 @ 2.80GHz,19227.71,21615,69.84687868080094
[Dual CPU] Intel Xeon Gold 6248 @ 2.50GHz,33461.99,33619,69.84687868080094
AMD Opteron 1356,1747.45,1703,69.84687868080094
Intel Xeon D-1733NT @ 2.00GHz,14208.39,14849,69.84687868080094
Intel Core i7-6900K @ 3.20GHz,14672.31,14476,69.84687868080094
Intel Xeon E5-2686 v3 @ 2.00GHz,19948.72,18148,69.84687868080094
AMD Phenom II X4 980,2913.86,2839,69.84687868080094
Intel Xeon E5-4603 @ 2.00GHz,2138.1,3391,69.84687868080094
AMD Opteron 2218,780.24,1036,69.84687868080094
Intel Core2 Extreme Q6850 @ 3.00GHz,2477.01,2304,69.84687868080094
Intel Core2 Duo T9550 @ 2.66GHz,982.87,972,69.84687868080094
Intel Xeon E-2286M @ 2.40GHz,15550.7,15092,69.84687868080094
Intel Atom x6425E @ 2.00GHz,4189.7,3905,69.84687868080094
Intel Core i7-13790F,47204.03,46309,69.84687868080094
AMD EPYC 7552,61820.3,61282,69.84687868080094
Intel Core2 Duo P8400 @ 2.26GHz,865.04,850,69.84687868080094
Intel Celeron E1200 @ 1.60GHz,516.92,516,69.84687868080094
Intel Celeron 570 @ 2.26GHz,316.84,344,69.84687868080094
Intel Xeon Gold 5218T @ 2.10GHz,23022.84,21433,69.84687868080094
AMD A6-5400B APU,1464.35,1459,69.84687868080094
Intel Xeon Gold 6530,64665.54,65533,69.84687868080094
AMD Ryzen 7 4800H,18085.86,18523,69.84687868080094
AMD Athlon 300GE,3979.65,4273,69.84687868080094
Intel Xeon E5-2660 v3 @ 2.60GHz,13806.75,13135,69.84687868080094
[Dual CPU] AMD Opteron 6128 HE,6650.2,6339,69.84687868080094
[Dual CPU] Intel Xeon Silver 4114 @ 2.20GHz,21072.3,20898,69.84687868080094
AMD Phenom II X3 B73,1545.27,1538,69.84687868080094
Intel Core i5-8200Y @ 1.30GHz,2477.92,2174,69.84687868080094
Intel Xeon E-2226G @ 3.40GHz,13415.76,11110,69.84687868080094
[Dual CPU] Intel Xeon E5-2680 v2 @ 2.80GHz,20820.16,21269,69.84687868080094
AMD Athlon Silver 7120U,3634.69,3155,69.84687868080094
Intel Core i5-520UM @ 1.07GHz,919.32,908,69.84687868080094
AMD Ryzen 5 5600G,18868.32,19880,69.84687868080094
Intel Pentium Silver N6000 @ 1.10GHz,3528.39,3059,69.84687868080094
Intel Pentium 4 1800MHz,117.85,114,69.84687868080094
[Dual CPU] AMD Opteron 2382,4194.64,4516,69.84687868080094
Intel Core i7-8850H @ 2.60GHz,10640.96,10212,69.84687868080094
Intel Core i5-4470 @ 3.30GHz,3873.13,3971,69.84687868080094
[Dual CPU] Intel Xeon X5450 @ 3.00GHz,4790.52,4814,69.84687868080094
Intel Core i5-3570K @ 3.40GHz,5287.84,4952,69.84687868080094
Intel Atom x6211E @ 1.30GHz,1939.0,1833,69.84687868080094
AMD Opteron 4280,4061.67,4504,69.84687868080094
Intel Core i5-760 @ 2.80GHz,2527.32,2628,69.84687868080094
Intel Atom N470 @ 1.83GHz,155.08,224,69.84687868080094
Intel Core i5-4278U @ 2.60GHz,3250.48,2831,69.84687868080094
[Dual CPU] Intel Xeon E5-2620 @ 2.00GHz,9689.25,9763,69.84687868080094
AMD Opteron 6328,5216.83,5306,69.84687868080094
[Dual CPU] Intel Xeon Gold 6122 @ 1.80GHz,42865.51,40707,69.84687868080094
Intel Xeon E5-2650 v4 @ 2.20GHz,14017.33,13591,69.84687868080094
Intel Core M-5Y10 @ 0.80GHz,1657.56,1628,69.84687868080094
AMD Ryzen 7 7840U,23861.31,24949,69.84687868080094
Intel Celeron J4005 @ 2.00GHz,1577.87,1550,69.84687868080094
Intel Celeron D 347 @ 3.06GHz,264.17,232,69.84687868080094
[Dual CPU] Intel Xeon Gold 5320 @ 2.20GHz,66346.08,64917,69.84687868080094
[Dual CPU] Intel Xeon X5650 @ 2.67GHz,10164.44,10128,69.84687868080094
Intel Pentium 4 1500MHz,86.57,81,69.84687868080094
Intel Core i7-860 @ 2.80GHz,2985.15,2993,69.84687868080094
Intel Xeon E3-1270 v3 @ 3.50GHz,7309.03,7274,69.84687868080094
Intel Xeon Silver 4310 @ 2.10GHz,22117.88,22642,69.84687868080094
Intel Core i5-8500B @ 3.00GHz,10236.93,8944,69.84687868080094
AMD A10-6700T APU,1816.18,2299,69.84687868080094
Intel Core i5-5350U @ 1.80GHz,2902.67,2569,69.84687868080094
Intel Celeron 807UE @ 1.00GHz,209.62,241,69.84687868080094
AMD Athlon Dual Core 4050e,628.22,674,69.84687868080094
AMD E1-1500 APU,421.71,398,69.84687868080094
AMD PRO A6-8570,1941.73,1906,69.84687868080094
VIA Nano U2250 (1.6GHz Capable),184.05,187,69.84687868080094
Intel Core i5-4470S @ 3.00GHz,4655.65,4742,69.84687868080094
Intel Xeon Gold 6132 @ 2.60GHz,20837.04,22099,69.84687868080094
Intel Xeon E5-1607 v4 @ 3.10GHz,6562.23,5200,69.84687868080094
AMD Turion 64 Mobile ML-44,384.02,384,69.84687868080094
Intel Xeon W-2135 @ 3.70GHz,13611.28,14446,69.84687868080094
[Dual CPU] Intel Xeon Platinum 6162 @ 1.90GHz,42554.98,42073,69.84687868080094
[Dual CPU] Intel Xeon E5-2650L @ 1.80GHz,10832.17,11364,69.84687868080094
Intel Celeron G4900 @ 3.10GHz,2392.92,2394,69.84687868080094
Intel Xeon E3113 @ 3.00GHz,1398.9,1429,69.84687868080094
AMD R-464L APU,2146.84,1773,69.84687868080094
AMD A4-5150M APU,753.43,765,69.84687868080094
Intel Xeon E5520 @ 2.27GHz,2063.11,2524,69.84687868080094
Intel Xeon E-2186G @ 3.80GHz,13895.9,13964,69.84687868080094
Intel Core i5-8400H @ 2.50GHz,8053.78,7644,69.84687868080094
Intel Celeron M 440 @ 1.86GHz,201.48,169,69.84687868080094
AMD A8-7690K,2468.53,2157,69.84687868080094
Intel Xeon D-2183IT @ 2.20GHz,21421.96,19377,69.84687868080094
Intel Xeon W-1270P @ 3.80GHz,16976.02,17113,69.84687868080094
AMD Ryzen 3 1200,6001.35,6275,69.84687868080094
[Dual CPU] Intel Xeon Platinum 8480+,113665.5,125165,69.84687868080094
Intel Xeon Gold 6334 @ 3.60GHz,21266.04,21521,69.84687868080094
AMD TurionX2 Dual Core Mobile RM-70,570.04,536,69.84687868080094
Intel Core i7-6700 @ 3.40GHz,8065.2,8080,69.84687868080094
Intel Core i5-12600K,28926.78,27708,69.84687868080094
Intel Atom Z670 @ 1.50GHz,108.11,158,69.84687868080094
AMD A10-9620P,2813.12,2540,69.84687868080094
AMD Ryzen 5 7645HX,25991.24,26868,69.84687868080094
Intel Xeon D-1718T @ 2.60GHz,8019.13,9713,69.84687868080094
Intel Xeon Silver 4110 @ 2.10GHz,10258.7,10215,69.84687868080094
Intel Core i7-13650HX,28971.97,31418,69.84687868080094
[Dual CPU] Intel Xeon Gold 6134 @ 3.20GHz,27075.43,28513,69.84687868080094
[Dual CPU] Intel Xeon Silver 4216 @ 2.10GHz,34224.46,30184,69.84687868080094
Intel Celeron 1000M @ 1.80GHz,1066.27,1070,69.84687868080094
Intel Celeron E3200 @ 2.40GHz,840.54,839,69.84687868080094
AMD A8-7670K,3214.4,3192,69.84687868080094
Intel Atom C2350 @ 1.74GHz,519.97,520,69.84687868080094
Intel Xeon Gold 5218 @ 2.30GHz,23859.76,21986,69.84687868080094
Intel Core i3-4110M @ 2.60GHz,2546.3,2678,69.84687868080094
AMD Opteron 6234,3481.02,4072,69.84687868080094
AMD Opteron 2384,2048.41,2074,69.84687868080094
Intel Xeon E5-2666 v3 @ 2.90GHz,13529.46,14294,69.84687868080094
Intel Core i5-9600 @ 3.10GHz,13443.71,10417,69.84687868080094
[Dual CPU] Intel Xeon Silver 4210 @ 2.20GHz,23387.6,23593,69.84687868080094
AMD Turion X2 Ultra Dual-Core Mobile ZM-82,723.08,733,69.84687868080094
Intel Xeon E3-1505L v6 @ 2.20GHz,5669.29,6088,69.84687868080094
Intel Xeon Gold 5118 @ 2.30GHz,16169.39,16627,69.84687868080094
Intel Xeon Gold 6438N,52108.65,52789,69.84687868080094
Intel Xeon E5-2650L v2 @ 1.70GHz,7047.67,7586,69.84687868080094
Intel Core i3-1000NG4 @ 1.10GHz,3459.91,3572,69.84687868080094
[Dual CPU] Intel Xeon Silver 4410T,45439.96,48208,69.84687868080094
Intel Xeon Platinum 8168 @ 2.70GHz,33375.56,33099,69.84687868080094
Intel Celeron P4500 @ 1.87GHz,797.22,848,69.84687868080094
AMD Ryzen Threadripper 2990WX,32487.4,32167,69.84687868080094
[Dual CPU] AMD EPYC 7402,65895.03,63999,69.84687868080094
AMD Ryzen 5 PRO 4655GE,14893.05,14436,69.84687868080094
Intel Xeon E5-1660 @ 3.30GHz,8488.54,8413,69.84687868080094
Intel Core i7-10700KF @ 3.80GHz,19888.9,18595,69.84687868080094
[Quad CPU] Intel Xeon E7-4880 v2 @ 2.50GHz,42256.47,39311,69.84687868080094
Intel Core i5-2410M @ 2.30GHz,1936.45,1941,69.84687868080094
Intel Pentium G4520 @ 3.60GHz,2670.93,2707,69.84687868080094
Intel Core2 Duo T5250 @ 1.50GHz,544.5,549,69.84687868080094
AMD A8-5550M APU,2213.46,1862,69.84687868080094
[Dual CPU] Intel Xeon Gold 5220 @ 2.20GHz,43515.48,41925,69.84687868080094
AMD E-450 APU,441.31,437,69.84687868080094
[Dual CPU] Intel Xeon E5-2698 v4 @ 2.20GHz,41102.47,39543,69.84687868080094
AMD Opteron 1218,892.37,910,69.84687868080094
Intel Core2 Duo SP9400 @ 2.40GHz,943.18,863,69.84687868080094
Intel Pentium E5800 @ 3.20GHz,1196.91,1165,69.84687868080094
Intel Xeon E5-2648L v3 @ 1.80GHz,10696.0,9847,69.84687868080094
[Quad CPU] Intel Xeon Gold 5320H @ 2.40GHz,66758.82,83263,69.84687868080094
Intel Celeron D 356 @ 3.33GHz,269.93,251,69.84687868080094
AMD PRO A8-8600B,2593.72,2190,69.84687868080094
Intel Celeron G1101 @ 2.27GHz,969.7,1086,69.84687868080094
AMD E-350,411.98,421,69.84687868080094
[Dual CPU] Intel Xeon Gold 6438Y+,88036.44,93306,69.84687868080094
AMD Opteron 2378,1813.0,1864,69.84687868080094
Intel Xeon E3-1271 v3 @ 3.60GHz,7607.64,7539,69.84687868080094
Intel Core i7-1280P,20753.17,20368,69.84687868080094
Intel Pentium Gold G5600F @ 3.90GHz,3895.34,4124,69.84687868080094
Intel Celeron N2830 @ 2.16GHz,631.94,550,69.84687868080094
Intel Core i7-4930K @ 3.40GHz,9520.23,9403,69.84687868080094
AMD FX-9590 Eight-Core,5748.78,6788,69.84687868080094
AMD EPYC 8534P,70828.08,71900,69.84687868080094
Intel Core i7-2860QM @ 2.50GHz,4454.83,4521,69.84687868080094
Intel Core i5-4460 @ 3.20GHz,5096.68,4887,69.84687868080094
Intel Xeon X5680 @ 3.33GHz,6843.06,6833,69.84687868080094
Intel Pentium T4400 @ 2.20GHz,778.29,769,69.84687868080094
Intel Core i5-10210Y @ 1.00GHz,5653.66,4475,69.84687868080094
AMD FX-4300 Quad-Core,3037.57,2986,69.84687868080094
AMD Turion 64 X2 Mobile TL-62,647.95,649,69.84687868080094
Intel Core2 Duo T7800 @ 2.60GHz,923.12,932,69.84687868080094
AMD Turion 64 Mobile MT-30,234.78,246,69.84687868080094
Intel Core i5-3610ME @ 2.70GHz,2628.61,2666,69.84687868080094
Intel Core i7-10700F @ 2.90GHz,16390.21,16429,69.84687868080094
[Dual CPU] AMD EPYC 7401,58655.08,55280,69.84687868080094
AMD Ryzen 5 2600X,12582.03,13907,69.84687868080094
Intel Pentium 4 2.26GHz,164.7,151,69.84687868080094
[Dual CPU] Intel Xeon L5638 @ 2.00GHz,7820.89,7217,69.84687868080094
Intel Core i5-520M @ 2.40GHz,1782.04,1723,69.84687868080094
Intel Xeon w9-3595X,96732.26,100127,69.84687868080094
AMD Athlon II X4 645,2381.67,2348,69.84687868080094
[Dual CPU] Intel Xeon E5-2450L @ 1.80GHz,11613.71,11711,69.84687868080094
Intel Core i9-10900F @ 2.80GHz,19785.28,19955,69.84687868080094
[Dual CPU] Intel Xeon Gold 6418H,83056.52,84526,69.84687868080094
Intel Xeon L5530 @ 2.40GHz,2845.38,2522,69.84687868080094
[Dual CPU] Intel Xeon E5-2643 v4 @ 3.40GHz,22143.91,19933,69.84687868080094
Intel Core i9-12900F,36565.54,36408,69.84687868080094
Intel Xeon E5-2667 v3 @ 3.20GHz,12806.44,12633,69.84687868080094
[Dual CPU] Intel Xeon E5-2640 v2 @ 2.00GHz,12680.8,13421,69.84687868080094
Intel Core i3-13100E,10399.58,11650,69.84687868080094
AMD Athlon II X2 260u,759.3,713,69.84687868080094
Intel Celeron 1019Y @ 1.00GHz,520.96,576,69.84687868080094
Intel Atom 230 @ 1.60GHz,162.35,169,69.84687868080094
Intel Xeon w7-2495X,60535.1,58228,69.84687868080094
Intel Atom C3538 @ 2.10GHz,1758.19,1889,69.84687868080094
Intel Core i7-13700H,27299.87,27286,69.84687868080094
AMD Ryzen 5 5500,17736.65,19406,69.84687868080094
Intel Pentium G620T @ 2.20GHz,938.75,896,69.84687868080094
Intel Core i5-13600K,39784.54,37968,69.84687868080094
Intel Core i7-9700F @ 3.00GHz,15432.07,13251,69.84687868080094
AMD Opteron 1352,1558.76,1547,69.84687868080094
Intel Core i9-10980XE @ 3.00GHz,32729.65,32778,69.84687868080094
[Dual CPU] Intel Xeon Silver 4214 @ 2.20GHz,25737.78,26054,69.84687868080094
Intel Xeon E3-1275L v3 @ 2.70GHz,7093.82,6290,69.84687868080094
AMD Phenom II N830 Triple-Core,1232.32,1222,69.84687868080094
Intel Celeron 450 @ 2.20GHz,419.1,415,69.84687868080094
Intel Xeon E-2286G @ 4.00GHz,14196.44,14020,69.84687868080094
AMD Ryzen 5 PRO 3400G,8552.01,9086,69.84687868080094
Intel Xeon X3380 @ 3.16GHz,2833.58,2568,69.84687868080094
[Dual CPU] Intel Xeon 5110 @ 1.60GHz,787.97,1373,69.84687868080094
AMD EPYC 9634,120472.72,107944,69.84687868080094
[Dual CPU] Intel Xeon Silver 4309Y @ 2.80GHz,33043.79,31783,69.84687868080094
Intel Core i7-11800H @ 2.30GHz,19641.07,20472,69.84687868080094
AMD Phenom II X3 705e,1407.89,1222,69.84687868080094
Intel Celeron B830 @ 1.80GHz,863.93,863,69.84687868080094
Intel Core i5-3380M @ 2.90GHz,2949.79,2916,69.84687868080094
AMD Sempron 3100+,303.42,298,69.84687868080094
Intel Pentium B970 @ 2.30GHz,1086.14,1088,69.84687868080094
Intel Core i7-3687U @ 2.10GHz,2467.56,2645,69.84687868080094
Intel Xeon E5-2695 v4 @ 2.10GHz,19912.71,19109,69.84687868080094
AMD Ryzen 5 PRO 5675U,15052.52,14657,69.84687868080094
AMD Ryzen 9 PRO 7940HS,27414.15,28053,69.84687868080094
[Dual CPU] Intel Xeon E5607 @ 2.27GHz,4795.31,4969,69.84687868080094
Intel Xeon W-3245M @ 3.20GHz,26181.96,26814,69.84687868080094
[Quad CPU] Intel Xeon E7- 8870 @ 2.40GHz,23643.26,24434,69.84687868080094
Intel Xeon E5-2663 v3 @ 2.80GHz,12836.54,11777,69.84687868080094
Intel Core i7-8565UC @ 1.80GHz,9873.29,6187,69.84687868080094
AMD Ryzen 3 4300G,10151.11,10922,69.84687868080094
[Dual CPU] Intel Xeon Gold 6230 @ 2.10GHz,48576.81,45041,69.84687868080094
AMD Ryzen 5 7540U,19240.92,18855,69.84687868080094
Intel Core i9-7940X @ 3.10GHz,25180.45,26036,69.84687868080094
Intel Core i7-14700,41817.27,43659,69.84687868080094
[Quad CPU] Intel Xeon E7-8891 v4 @ 2.80GHz,39595.47,47104,69.84687868080094
[Dual CPU] Intel Xeon Gold 6242 @ 2.80GHz,38663.06,37742,69.84687868080094
Intel Core i7-7700 @ 3.60GHz,8808.33,8647,69.84687868080094
Intel Core2 Duo E6300 @ 1.86GHz,634.83,634,69.84687868080094
[Dual CPU] Intel Xeon E5-2440 v2 @ 1.90GHz,13553.39,13818,69.84687868080094
Intel Xeon E5-2640 v3 @ 2.60GHz,11185.09,11107,69.84687868080094
Intel Pentium 4 1.90GHz,106.31,104,69.84687868080094
Intel Celeron J4125 @ 2.00GHz,2830.52,2957,69.84687868080094
AMD Turion X2 Dual Core Mobile RM-76,676.42,691,69.84687868080094
Intel Celeron 3955U @ 2.00GHz,1577.15,1507,69.84687868080094
Intel Core i5-3570 @ 3.40GHz,5231.3,4929,69.84687868080094
Intel Atom Z3775D @ 1.49GHz,1148.43,794,69.84687868080094
Athlon 64 Dual Core 5000+,847.8,850,69.84687868080094
Intel N50,3496.81,2907,69.84687868080094
Intel Core i7-9700T @ 2.00GHz,13364.92,10782,69.84687868080094
AMD Athlon 64 X2 Dual-Core TK-42,510.25,577,69.84687868080094
AMD Phenom 9150e Quad-Core,1404.82,1414,69.84687868080094
Intel Core i3-4130 @ 3.40GHz,2937.68,3314,69.84687868080094
AMD FX-6100 Six-Core,3449.06,3684,69.84687868080094
Intel Core i3-1215UL,8498.41,6161,69.84687868080094
Intel Celeron SU2300 @ 1.20GHz,459.04,482,69.84687868080094
Intel Xeon E3-1275 v5 @ 3.60GHz,8162.67,8501,69.84687868080094
Intel Atom P5342,15029.43,12291,69.84687868080094
AMD Ryzen 5 PRO 4650U,12106.33,12624,69.84687868080094
AMD Athlon II 170u,379.73,340,69.84687868080094
Intel Core i5-1035G7 @ 1.20GHz,7902.12,8132,69.84687868080094
Intel Core i7-10700K @ 3.80GHz,19884.68,18792,69.84687868080094
AMD A8-5500 APU,2389.58,2610,69.84687868080094
[Dual CPU] Intel Xeon E5-2640 v3 @ 2.60GHz,17655.25,17438,69.84687868080094
AMD EPYC 7232P,15892.72,17731,69.84687868080094
AMD Athlon XP 3200+,302.82,281,69.84687868080094
AMD TurionX2 Ultra DualCore Mobile ZM-87,667.54,599,69.84687868080094
Intel Core i7-4750HQ @ 2.00GHz,5548.16,5693,69.84687868080094
AMD Phenom FX-5000 Quad-Core,1609.03,1599,69.84687868080094
[Dual CPU] AMD Opteron 6380,12274.99,12377,69.84687868080094
Intel Xeon E3-1280 v6 @ 3.90GHz,8691.52,9032,69.84687868080094
AMD G-T52R,226.54,177,69.84687868080094
Intel Pentium G860 @ 3.00GHz,1495.61,1459,69.84687868080094
Intel Core2 Duo T7700 @ 2.40GHz,941.68,948,69.84687868080094
Intel Celeron G1820TE @ 2.20GHz,979.8,1020,69.84687868080094
AMD Ryzen 7 PRO 1700,14475.88,14658,69.84687868080094
AMD A8-5557M APU,2217.16,1801,69.84687868080094
Intel Core i3-9100 @ 3.60GHz,7069.26,6623,69.84687868080094
[Dual CPU] Intel Xeon E5-2428L @ 1.80GHz,8672.12,8500,69.84687868080094
Intel Core i3-2350M @ 2.30GHz,1273.54,1251,69.84687868080094
AMD Ryzen 3 4100,9986.13,11074,69.84687868080094
AMD Athlon II Neo K145,297.29,298,69.84687868080094
Intel Core i3-5005U @ 2.00GHz,1901.05,2023,69.84687868080094
[Quad CPU] AMD Opteron 6282 SE,10606.49,12083,69.84687868080094
[Quad CPU] Intel Xeon @ 2.20GHz,2570.5,2167,69.84687868080094
Intel Xeon E5-1650 v4 @ 3.60GHz,11574.77,11452,69.84687868080094
[Dual CPU] AMD EPYC 9124,61067.98,60915,69.84687868080094
Intel Xeon E5-2650L @ 1.80GHz,5916.24,6192,69.84687868080094
AMD Athlon X4 850,3718.36,3366,69.84687868080094
Intel Core i3-1005G1 @ 1.20GHz,4592.44,4919,69.84687868080094
Intel Celeron 1017U @ 1.60GHz,1004.48,893,69.84687868080094
Intel Core i5-3439Y @ 1.50GHz,2025.87,1907,69.84687868080094
Intel Xeon E5-2676 v3 @ 2.40GHz,13427.81,13501,69.84687868080094
AMD Phenom II X920 Quad-Core,2068.81,1669,69.84687868080094
AMD Ryzen 5 2500X,8964.95,9469,69.84687868080094
Intel Celeron G550 @ 2.60GHz,1232.24,1259,69.84687868080094
Intel Xeon E5-2609 @ 2.40GHz,2757.29,2823,69.84687868080094
Intel Core M-5Y31 @ 0.90GHz,2043.37,1899,69.84687868080094
Intel Xeon Silver 4210 @ 2.20GHz,13263.73,13457,69.84687868080094
[Dual CPU] Intel Xeon Gold 5215 @ 2.50GHz,23145.35,22066,69.84687868080094
AMD 3015e,2065.45,2724,69.84687868080094
AMD A6-6310 APU,1755.97,1675,69.84687868080094
AMD Athlon II X2 4400e,972.74,944,69.84687868080094
AMD Ryzen 7 PRO 8700GE,29714.38,30199,69.84687868080094
Intel Core i7-3517UE @ 1.70GHz,2463.36,2384,69.84687868080094
Intel Xeon E5335 @ 2.00GHz,1531.44,1549,69.84687868080094
Intel Xeon X5677 @ 3.47GHz,4741.7,5043,69.84687868080094
[Dual CPU] Intel Xeon X5675 @ 3.07GHz,12247.45,11693,69.84687868080094
Intel Core i5-9500F @ 3.00GHz,11890.71,10031,69.84687868080094
Intel Core2 Extreme X7900 @ 2.80GHz,1065.33,1104,69.84687868080094
Intel T2050 @ 2.00GHz,524.15,516,69.84687868080094
AMD Ryzen 3 8300GE,14016.53,13846,69.84687868080094
AMD A4-3320M APU,656.51,668,69.84687868080094
AMD Opteron 152,402.03,428,69.84687868080094
Intel Xeon E5462 @ 2.80GHz,2389.46,2146,69.84687868080094
Intel Xeon E5-4627 v3 @ 2.60GHz,11364.51,11344,69.84687868080094
AMD Athlon 220GE,4303.23,4424,69.84687868080094
[Quad CPU] Intel Xeon E7330 @ 2.40GHz,5829.65,6792,69.84687868080094
Intel Core i7-9850HE @ 2.70GHz,10198.4,10868,69.84687868080094
AMD Ryzen 7 6800HS,21878.18,23015,69.84687868080094
Intel Xeon E5-2608L v4 @ 1.60GHz,7546.89,7447,69.84687868080094
Intel Core2 Duo E6550 @ 2.33GHz,846.45,898,69.84687868080094
AMD Phenom II X4 B93,2153.4,2159,69.84687868080094
Intel Core i3-3227U @ 1.90GHz,1238.04,1290,69.84687868080094
Intel Core2 Duo U7600 @ 1.20GHz,437.96,347,69.84687868080094
[Dual CPU] AMD EPYC 7742,97008.21,94081,69.84687868080094
Intel Xeon W-1270E @ 3.40GHz,17995.55,18635,69.84687868080094
AMD Ryzen 7 5700GE,22119.04,22436,69.84687868080094
AMD Ryzen 7 5800H,19905.61,21029,69.84687868080094
AMD Phenom II X2 555,1275.36,1296,69.84687868080094
Intel Core i9-10900X @ 3.70GHz,22075.33,22479,69.84687868080094
Intel Xeon W-1290 @ 3.20GHz,18392.97,20071,69.84687868080094
AMD Ryzen 3 3250C,3468.43,3153,69.84687868080094
AMD Phenom II X4 970,2794.1,2739,69.84687868080094
Intel Xeon E5320 @ 1.86GHz,1596.64,1469,69.84687868080094
Intel Core i3-8140U @ 2.10GHz,4215.91,4227,69.84687868080094
AMD Athlon II X2 B24,1135.51,1120,69.84687868080094
AMD A4-3420 APU,1055.5,1054,69.84687868080094
Intel Core i5-4310M @ 2.70GHz,3098.02,3100,69.84687868080094
[Dual CPU] Intel Xeon E5-2673 v4 @ 2.30GHz,38564.61,37891,69.84687868080094
Intel Xeon W-3265 @ 2.70GHz,30240.1,30105,69.84687868080094
Intel Core i7-4710HQ @ 2.50GHz,5505.46,5534,69.84687868080094
Intel Core i7-2640M @ 2.80GHz,2458.94,2465,69.84687868080094
Intel Core i7-4610M @ 3.00GHz,3247.87,3217,69.84687868080094
[Dual CPU] Intel Xeon Gold 6230R @ 2.10GHz,53859.62,53762,69.84687868080094
AMD Opteron X3216 APU,1513.7,1475,69.84687868080094
AMD Ryzen 5 PRO 2400G,7960.1,8506,69.84687868080094
[Dual CPU] AMD Opteron 2374 HE,4233.31,3667,69.84687868080094
Intel Xeon X5667 @ 3.07GHz,4861.65,4659,69.84687868080094
Intel Xeon E5-1607 @ 3.00GHz,3353.25,3731,69.84687868080094
Intel Xeon E3-1240 v6 @ 3.70GHz,8155.12,8645,69.84687868080094
Intel Core i7-4550U @ 1.50GHz,2224.1,2272,69.84687868080094
Intel Pentium 4 2.80GHz,287.03,237,69.84687868080094
AMD Athlon 5350 APU,1761.05,1780,69.84687868080094
Intel Core i7-3612QM @ 2.10GHz,4487.85,4655,69.84687868080094
Intel Core2 Duo E8600 @ 3.33GHz,1404.9,1376,69.84687868080094
Intel Core i3-7100T @ 3.40GHz,3376.32,3757,69.84687868080094
[Dual CPU] Intel Xeon W5590 @ 3.33GHz,5848.92,6640,69.84687868080094
Intel Pentium G6960 @ 2.93GHz,1353.36,1433,69.84687868080094
Intel Xeon E E-2434,13643.51,16432,69.84687868080094
Intel Xeon E3-1275 v3 @ 3.50GHz,6783.4,7213,69.84687868080094
