,CPU Name,Predicted CPU Mark,Actual CPU Mark,Accuracy (%)
0,Intel Core i5-655K @ 3.20GHz,1623.045,2017,73.85159010600707
1,Intel Pentium E6500 @ 2.93GHz,1267.899,1172,73.85159010600707
2,[Dual CPU] Intel Xeon Platinum 8380 @ 2.30GHz,82802.6795,91257,73.85159010600707
3,Intel Xeon E5-4620 @ 2.20GHz,6937.6525,7037,73.85159010600707
4,AMD PRO A8-8650B,3251.9545,3211,73.85159010600707
5,Intel Xeon E5-2667 v2 @ 3.30GHz,13452.0635,12266,73.85159010600707
6,Intel Xeon w5-2455X,34419.105,37918,73.85159010600707
7,Intel Core i3-5157U @ 2.50GHz,3130.596,2593,73.85159010600707
8,Intel Xeon E5-2687W @ 3.10GHz,9155.082,9996,73.85159010600707
9,Intel Core i5-14600KF,43671.2885,39329,73.85159010600707
10,AMD A8-9600,3214.417,3304,73.85159010600707
11,Intel Xeon E3-1270 v6 @ 3.80GHz,8000.1185,8931,73.85159010600707
12,Intel Atom x5-Z8350 @ 1.44GHz,813.2225,891,73.85159010600707
13,Intel Core i5-1240P,15375.653,17157,73.85159010600707
14,AMD Ryzen 3 3200U,3767.7185,3795,73.85159010600707
15,[Quad CPU] Intel Xeon E7320 @ 2.13GHz,2753.7955,5286,73.85159010600707
16,Intel Core i5-8300H @ 2.30GHz,7654.986,7467,73.85159010600707
17,Intel Xeon Phi 7210 @ 1.30GHz,4182.8325,7306,73.85159010600707
18,Intel Celeron 7305E,1774.813,2404,73.85159010600707
19,AMD A4 PRO-7300B APU,1560.3085,1458,73.85159010600707
20,Intel Pentium J4205 @ 1.50GHz,2179.4905,2406,73.85159010600707
21,Intel Core i5-1335U,17871.0125,14769,73.85159010600707
22,AMD A10-7400P,2121.6735,2078,73.85159010600707
23,AMD EPYC 8124P,42222.9195,36470,73.85159010600707
24,Intel Core i7-13700,37652.6395,37037,73.85159010600707
25,AMD Ryzen 5 PRO 5650GE,20109.3915,18382,73.85159010600707
26,AMD A9-9400,2164.923,1363,73.85159010600707
27,AMD Ryzen 9 8945HS,30870.3625,29414,73.85159010600707
28,AMD Athlon X2 250,1071.936,855,73.85159010600707
29,AMD E1-7010 APU,787.9355,592,73.85159010600707
30,[Dual CPU] Intel Xeon E5-2630L v3 @ 1.80GHz,10957.6285,14759,73.85159010600707
31,Intel Atom N475 @ 1.83GHz,214.1875,179,73.85159010600707
32,Intel Xeon D-1747NTE @ 2.50GHz,23198.0025,20279,73.85159010600707
33,[Dual CPU] Intel Xeon E5-2697 v3 @ 2.60GHz,24412.778,26746,73.85159010600707
34,AMD EPYC 7313P,38147.856,41657,73.85159010600707
35,Intel Core i3-2340UE @ 1.30GHz,817.4035,976,73.85159010600707
36,[Dual CPU] Intel Xeon E5-2637 v2 @ 3.50GHz,12207.8435,12040,73.85159010600707
37,[Dual CPU] Intel Xeon E5-2620 v2 @ 2.10GHz,10519.8785,10843,73.85159010600707
38,Intel Core Ultra 5 135U,20760.0585,17672,73.85159010600707
39,AMD Ryzen 3 PRO 4350G,11078.1935,10921,73.85159010600707
40,Intel Core i5-560UM @ 1.33GHz,1037.349,1015,73.85159010600707
41,Intel Celeron G1620 @ 2.70GHz,1541.296,1560,73.85159010600707
42,AMD EPYC 7402P,48705.543,44068,73.85159010600707
43,AMD Ryzen 5 4600G,14531.421,16071,73.85159010600707
44,Intel Core i7-2675QM @ 2.20GHz,3103.0615,3828,73.85159010600707
45,Intel Pentium 3556U @ 1.70GHz,1187.9405,1058,73.85159010600707
46,Intel Core2 Duo P7350 @ 2.00GHz,742.7465,748,73.85159010600707
47,AMD Athlon II X4 641 Quad-Core,2088.815,2313,73.85159010600707
48,Intel Xeon W-3375 @ 2.50GHz,60147.9735,59069,73.85159010600707
49,Intel Core i5-8600T @ 2.30GHz,9391.4915,9340,73.85159010600707
50,AMD PRO A10-8770,2994.818,3572,73.85159010600707
51,Intel Atom C2550 @ 2.40GHz,904.0665,1422,73.85159010600707
52,Intel Pentium E6700 @ 3.20GHz,1386.989,1182,73.85159010600707
53,Intel Core i5-6200U @ 2.30GHz,3585.608,2995,73.85159010600707
54,Intel Core i3-13100T,20441.453,13054,73.85159010600707
55,Intel Xeon E-2436,21356.5805,22398,73.85159010600707
56,[Dual CPU] Intel Xeon Platinum 8280 @ 2.70GHz,63539.9405,64291,73.85159010600707
57,AMD A6-6420B APU,1922.134,1550,73.85159010600707
58,Intel Xeon w5-2545,47199.646,41688,73.85159010600707
59,Intel Xeon Gold 6448Y,56044.9975,60449,73.85159010600707
60,AMD A4-5300 APU,1326.664,1365,73.85159010600707
61,AMD Ryzen 7 2700,11747.647,15699,73.85159010600707
62,AMD Athlon 64 FX-62 Dual Core,1540.576,993,73.85159010600707
63,Intel Core i7-1060NG7 @ 1.20GHz,4967.89,6521,73.85159010600707
64,AMD Athlon II Neo N36L Dual-Core,630.5405,487,73.85159010600707
65,Intel Xeon E5-2679 v4 @ 2.50GHz,27375.169,24131,73.85159010600707
66,AMD Ryzen 5 5600GT,23322.786,20258,73.85159010600707
67,AMD Ryzen 7 8840HS,22549.557,24603,73.85159010600707
68,[Dual CPU] Intel Xeon 5150 @ 2.66GHz,1464.8555,2043,73.85159010600707
69,Intel Pentium Gold G6400E @ 3.80GHz,5698.509,3908,73.85159010600707
70,Intel Xeon D-1557 @ 1.50GHz,7744.2705,9285,73.85159010600707
71,[Quad CPU] AMD Opteron 8356,5777.2225,5397,73.85159010600707
72,Intel Pentium G2020T @ 2.50GHz,1503.6155,1430,73.85159010600707
73,Intel Core i3-4158U @ 2.00GHz,1528.376,1921,73.85159010600707
74,Intel Xeon E3-1286L v3 @ 3.20GHz,7360.5955,6929,73.85159010600707
75,Intel Atom x6414RE @ 1.50GHz,1063.795,1544,73.85159010600707
76,Intel Pentium G645 @ 2.90GHz,1327.306,1418,73.85159010600707
77,Intel Core2 Duo T6670 @ 2.20GHz,902.5785,818,73.85159010600707
78,Intel Core i5-3437U @ 1.90GHz,2699.9835,2301,73.85159010600707
79,Intel Pentium Gold G5620 @ 4.00GHz,5215.6215,4272,73.85159010600707
80,Intel Xeon E5-2650 @ 2.00GHz,7668.167,7375,73.85159010600707
81,AMD A4-6250J APU,1302.9445,1656,73.85159010600707
82,AMD Opteron 275,368.478,839,73.85159010600707
83,Intel Core i7-9850HL @ 1.90GHz,5998.209,7897,73.85159010600707
84,Intel Xeon X5679 @ 3.20GHz,7400.5835,7095,73.85159010600707
85,AMD Ryzen Threadripper 3970X,62702.189,63106,73.85159010600707
86,AMD Athlon II N330 Dual-Core,683.2925,665,73.85159010600707
87,Intel Core i3-4030Y @ 1.60GHz,1252.2405,1654,73.85159010600707
88,[Dual CPU] AMD Opteron 6328,9139.428,9508,73.85159010600707
89,AMD PRO A12-8870,4249.1115,3869,73.85159010600707
90,Intel Xeon D-2795NT @ 2.00GHz,31151.344,28463,73.85159010600707
91,Intel Pentium 957 @ 1.20GHz,589.199,622,73.85159010600707
92,Intel Core i7-4790 @ 3.60GHz,7252.1255,7270,73.85159010600707
93,Intel Pentium E5500 @ 2.80GHz,1105.8455,1037,73.85159010600707
94,AMD Opteron 4130,2390.9695,2347,73.85159010600707
95,AMD EPYC 9354P,71275.3085,76605,73.85159010600707
96,Intel Pentium J2850 @ 2.41GHz,928.242,1016,73.85159010600707
97,AMD A8-6500B APU,2992.099,2876,73.85159010600707
98,Intel N97,6356.436,5819,73.85159010600707
99,Intel Core i5-6442EQ @ 1.90GHz,3216.6545,4487,73.85159010600707
100,AMD EPYC 7F52,42053.1615,40251,73.85159010600707
101,Intel Core Solo U1500 @ 1.33GHz,231.207,164,73.85159010600707
102,Intel Core i5-14400,17569.3955,25796,73.85159010600707
103,Intel Xeon 5120 @ 1.86GHz,895.3415,763,73.85159010600707
104,AMD A10-7800 APU,2987.1875,3208,73.85159010600707
105,Intel Xeon E5607 @ 2.27GHz,2040.068,2686,73.85159010600707
106,Intel Xeon X3430 @ 2.40GHz,1807.0,2293,73.85159010600707
107,Intel Celeron N4100 @ 1.10GHz,2137.0625,2454,73.85159010600707
108,VIA Nano L2100@1800MHz,145.7425,279,73.85159010600707
109,Intel Xeon Gold 6248 @ 2.50GHz,27552.8,29831,73.85159010600707
110,AMD EPYC 7713,86217.045,82666,73.85159010600707
111,AMD Ryzen 5 7530U,19168.343,16075,73.85159010600707
112,AMD C-30,184.3995,178,73.85159010600707
113,AMD Ryzen 9 5900HS Creator Edition,18407.6505,22138,73.85159010600707
114,[Dual CPU] Intel Xeon E7- 4807 @ 1.87GHz,3564.5315,6223,73.85159010600707
115,AMD FX-8370 Eight-Core,6184.8765,6171,73.85159010600707
116,Intel Pentium G3240T @ 2.70GHz,1744.246,1630,73.85159010600707
117,Intel Pentium G4400T @ 2.90GHz,2662.674,2345,73.85159010600707
118,Intel Core i5-1145G7 @ 2.60GHz,15560.2345,9800,73.85159010600707
119,AMD Turion II Ultra Dual-Core Mobile M640,1173.7025,1034,73.85159010600707
120,Intel Core i3-2312M @ 2.10GHz,1154.474,1128,73.85159010600707
121,AMD Ryzen Threadripper 2920X,23606.069,25427,73.85159010600707
122,Intel Core i7-5850EQ @ 2.70GHz,7139.471,7036,73.85159010600707
123,[Dual CPU] Intel Xeon 3.40GHz,704.091,843,73.85159010600707
124,Intel Core i5-10310U @ 1.70GHz,8955.091,6434,73.85159010600707
125,AMD Opteron 3380,4408.7515,4134,73.85159010600707
126,Intel Core i5-4300M @ 2.60GHz,3024.998,2970,73.85159010600707
127,Intel Core Duo T2400 @ 1.83GHz,338.546,362,73.85159010600707
128,Intel Celeron 2002E @ 1.50GHz,1068.6245,1091,73.85159010600707
129,AMD GX-218GL SOC,740.889,754,73.85159010600707
130,[Dual CPU] Intel Xeon Gold 6254 @ 3.10GHz,53053.3305,53981,73.85159010600707
131,Intel Core i7-12700,31046.7325,30788,73.85159010600707
132,Intel Xeon E5-4667 v4 @ 2.20GHz,21086.224,20319,73.85159010600707
133,AMD Ryzen 5 PRO 7530U,15354.2065,15015,73.85159010600707
134,Intel Xeon E5-2699 v3 @ 2.30GHz,18891.9925,20316,73.85159010600707
135,[Dual CPU] Intel Xeon Gold 6548Y+,76697.595,85587,73.85159010600707
136,Intel Xeon E-2288G @ 3.70GHz,16821.474,17444,73.85159010600707
137,[Dual CPU] Intel Xeon W5580 @ 3.20GHz,6358.8075,6384,73.85159010600707
138,Intel Celeron M 420 @ 1.60GHz,315.6255,139,73.85159010600707
139,Intel Core i7-1370P,19746.9665,20193,73.85159010600707
140,Intel Xeon 3.00GHz,480.0615,425,73.85159010600707
141,AMD Ryzen 7 PRO 6860Z,19877.7705,20863,73.85159010600707
142,Intel Core i7-8700B @ 3.20GHz,14121.439,11917,73.85159010600707
143,AMD Ryzen 7 7840H,26112.512,28391,73.85159010600707
144,[Dual CPU] AMD Opteron 2220,1635.5865,1533,73.85159010600707
145,Intel Xeon W-2225 @ 4.10GHz,9750.239,10539,73.85159010600707
146,[Dual CPU] Intel Xeon Platinum 8568Y+,125317.543,125432,73.85159010600707
147,Intel Core i3-3110M @ 2.40GHz,1635.7375,1634,73.85159010600707
148,Intel Xeon E5-1660 v2 @ 3.70GHz,10979.0985,10268,73.85159010600707
149,Intel Xeon E-2246G @ 3.60GHz,14639.982,13785,73.85159010600707
150,Intel Xeon E5-2648L v2 @ 1.90GHz,8100.3525,8828,73.85159010600707
151,AMD A6-5350M APU,1269.828,1232,73.85159010600707
152,Intel Core i3-11100HE @ 2.40GHz,15188.467,11289,73.85159010600707
153,[Dual CPU] Intel Xeon E5540 @ 2.53GHz,4567.883,4793,73.85159010600707
154,[Quad CPU] AMD Opteron 6278,13180.735,13733,73.85159010600707
155,Intel Xeon E3-1505M v6 @ 3.00GHz,8087.6205,7466,73.85159010600707
156,[Dual CPU] AMD EPYC 9474F,117531.5415,148891,73.85159010600707
157,AMD A10-9630P,3439.1995,2909,73.85159010600707
158,Intel Core i7-10875H @ 2.30GHz,17167.891,14907,73.85159010600707
159,Intel Core i3-550 @ 3.20GHz,1307.984,1608,73.85159010600707
160,[Dual CPU] Intel Xeon E5-2658 v4 @ 2.30GHz,28698.2625,27797,73.85159010600707
161,Intel Xeon Platinum 8176 @ 2.10GHz,20717.7875,23179,73.85159010600707
162,Intel Core i7-8665UE @ 1.70GHz,3285.268,5170,73.85159010600707
163,[Dual CPU] Intel Xeon Platinum 8256 @ 3.80GHz,14366.8875,16787,73.85159010600707
164,AMD EPYC 4584PX,48133.2165,62120,73.85159010600707
165,[Dual CPU] Intel Xeon E5-2650 v3 @ 2.30GHz,19478.2585,19743,73.85159010600707
166,Intel Celeron 440 @ 2.00GHz,509.917,368,73.85159010600707
167,Intel Pentium Gold G7400T,10020.3845,5737,73.85159010600707
168,AMD Opteron 4284,4624.655,4665,73.85159010600707
169,AMD Ryzen 5 PRO 7540U,18088.1745,18071,73.85159010600707
170,Intel Core i7-4810MQ @ 2.80GHz,5733.409,6062,73.85159010600707
171,AMD Athlon 64 X2 QL-65,650.441,637,73.85159010600707
172,Intel Pentium 6405U @ 2.40GHz,2641.134,2356,73.85159010600707
173,AMD A8-7600 APU,2866.7495,3215,73.85159010600707
174,Intel Core i5-8500 @ 3.00GHz,9481.64,9548,73.85159010600707
175,Intel Core i5-6400 @ 2.70GHz,5129.422,5164,73.85159010600707
176,Intel Celeron 807 @ 1.50GHz,443.9295,392,73.85159010600707
177,Intel Core i3-4360 @ 3.70GHz,4325.7635,3647,73.85159010600707
178,AMD A6-3420M APU,879.286,1294,73.85159010600707
179,AMD E2-3000 APU,577.466,726,73.85159010600707
180,[Dual CPU] Intel Xeon E7-8880 v4 @ 2.20GHz,32048.425,37875,73.85159010600707
181,AMD A4 PRO-3340B,1625.644,1645,73.85159010600707
182,Intel Celeron M 443 @ 1.20GHz,269.4555,125,73.85159010600707
183,[Dual CPU] Intel Xeon Gold 5318Y @ 2.10GHz,51580.761,56985,73.85159010600707
184,AMD A8-6600K APU,3113.959,3007,73.85159010600707
185,Intel Xeon 3050 @ 2.13GHz,663.6695,818,73.85159010600707
186,Intel Core i3-530 @ 2.93GHz,1633.651,1500,73.85159010600707
187,AMD FX-6330 Six-Core,3858.0895,4433,73.85159010600707
188,Intel Pentium G3258 @ 3.20GHz,2342.5625,2076,73.85159010600707
189,AMD E2-7110 APU,1037.5775,1515,73.85159010600707
190,AMD Turion X2 Dual-Core Mobile RM-76,786.1975,799,73.85159010600707
191,[Quad CPU] AMD Opteron 6378,10571.0835,13236,73.85159010600707
192,Intel Xeon X3480 @ 3.07GHz,3549.181,3273,73.85159010600707
193,Intel Core i7-4771 @ 3.50GHz,6904.885,7137,73.85159010600707
194,Intel Core i7-8565U @ 1.80GHz,6264.7545,6067,73.85159010600707
195,Intel Core m5-6Y57 @ 1.10GHz,2637.208,2352,73.85159010600707
196,[Dual CPU] Intel Xeon E5503 @ 2.00GHz,1131.544,1787,73.85159010600707
197,Intel Core i3-8100 @ 3.60GHz,6861.5535,6108,73.85159010600707
198,Intel Celeron 1020M @ 2.10GHz,1245.21,1275,73.85159010600707
199,[Dual CPU] Intel Xeon Bronze 3206R @ 1.90GHz,10416.3745,10797,73.85159010600707
200,Intel Xeon X5647 @ 2.93GHz,2975.9795,4441,73.85159010600707
201,AMD EPYC 8324P,56648.9285,57127,73.85159010600707
202,AMD Athlon X2 Dual Core L310,434.797,329,73.85159010600707
203,AMD Sempron 3850 APU,520.018,1150,73.85159010600707
204,Intel Atom C1110,6319.2535,3170,73.85159010600707
205,AMD Ryzen 3 PRO 5450U,10722.0135,11015,73.85159010600707
206,Intel Core M-5Y70 @ 1.10GHz,2316.284,1823,73.85159010600707
207,AMD EPYC 9754,98776.808,100460,73.85159010600707
208,[Dual CPU] Intel Xeon E7- 4850 @ 2.00GHz,3396.8805,9571,73.85159010600707
209,[Dual CPU] Intel Xeon Silver 4416+,69310.4645,64909,73.85159010600707
210,[Dual CPU] Intel Xeon E5-4669 v3 @ 2.10GHz,23412.7165,31494,73.85159010600707
211,[Dual CPU] Intel Xeon X5460 @ 3.16GHz,2995.809,5066,73.85159010600707
212,Intel Core i7-6700K @ 4.00GHz,6783.6035,8927,73.85159010600707
213,[Quad CPU] Intel Xeon Gold 5318H @ 2.50GHz,59144.979,70723,73.85159010600707
214,Intel Xeon W3550 @ 3.07GHz,3579.3115,3214,73.85159010600707
215,Intel Core i7-3770K @ 3.50GHz,6379.971,6462,73.85159010600707
216,Intel Xeon E3-1575M v5 @ 3.00GHz,8132.7615,8006,73.85159010600707
217,[Dual CPU] Intel Xeon E5-2450 v2 @ 2.50GHz,17005.94,16884,73.85159010600707
218,Intel Xeon Silver 4510,27124.368,34170,73.85159010600707
219,AMD E-350 APU,353.508,423,73.85159010600707
220,[Dual CPU] Intel Xeon E5-2650L v4 @ 1.70GHz,22139.3685,25440,73.85159010600707
221,Intel Pentium Silver N5020 @ 1.10GHz,2834.8935,3404,73.85159010600707
222,Intel Pentium 4415Y @ 1.60GHz,2255.4915,1581,73.85159010600707
223,Intel Core i7-3610QE @ 2.30GHz,3277.1335,5026,73.85159010600707
224,AMD Athlon X2 255,1052.6905,938,73.85159010600707
225,Intel Xeon E5-2403 v2 @ 1.80GHz,1895.418,2873,73.85159010600707
226,AMD EPYC 9184X,65848.2905,50344,73.85159010600707
227,Intel Core i5-2430M @ 2.40GHz,1941.176,2004,73.85159010600707
228,AMD PRO A12-8830B,2581.5195,2517,73.85159010600707
229,Intel Xeon E-2334 @ 3.40GHz,16466.061,13011,73.85159010600707
230,AMD EPYC 7742,65225.954,69663,73.85159010600707
231,Intel Core2 Duo E6700 @ 2.66GHz,973.243,990,73.85159010600707
232,Intel Xeon E5-4650L @ 2.60GHz,8240.5935,8533,73.85159010600707
233,Intel Xeon W-11155MLE @ 1.80GHz,6287.241,8502,73.85159010600707
234,AMD Ryzen 3 5300U,9465.7725,9680,73.85159010600707
235,Intel Core i3-10300 @ 3.70GHz,9520.639,9308,73.85159010600707
236,AMD Ryzen 7 7735H,22843.676,24025,73.85159010600707
237,AMD Ryzen 7 7840HS,29929.0685,28916,73.85159010600707
238,AMD A10-7890K,3415.3805,3519,73.85159010600707
239,Intel Core i5-10505 @ 3.20GHz,15256.5955,12156,73.85159010600707
240,[Dual CPU] Intel Xeon X5647 @ 2.93GHz,7519.4325,8369,73.85159010600707
241,Intel Core2 Duo E8500 @ 3.16GHz,1323.5055,1268,73.85159010600707
242,Intel Core i7-9700E @ 2.60GHz,11633.1525,12600,73.85159010600707
243,AMD Athlon 64 4000+,393.1635,340,73.85159010600707
244,Intel Core2 Duo E7200 @ 2.53GHz,1048.034,996,73.85159010600707
245,AMD EPYC 4124P,20162.9,18637,73.85159010600707
246,AMD Athlon II X2 250u,638.044,597,73.85159010600707
247,[Dual CPU] Intel Xeon E5-2650 v2 @ 2.60GHz,17286.2065,17389,73.85159010600707
248,AMD Athlon II N350 Dual-Core,956.4305,767,73.85159010600707
249,AMD Ryzen 5 PRO 2500U,6812.156,6638,73.85159010600707
250,AMD GX-222GC SOC,1171.21,1044,73.85159010600707
251,Intel Core i7-2700K @ 3.50GHz,5330.1595,5744,73.85159010600707
252,AMD Ryzen Threadripper 1950X,32159.533,27612,73.85159010600707
253,Intel Core i9-13900KS,60941.088,61686,73.85159010600707
254,Mobile Intel Pentium 4 3.06GHz,305.278,220,73.85159010600707
255,AMD Ryzen 5 8600G,25947.223,25285,73.85159010600707
256,Intel Core i7-7560U @ 2.40GHz,4847.3545,3780,73.85159010600707
257,Intel Xeon Platinum 8380 @ 2.30GHz,54394.7215,62318,73.85159010600707
258,AMD Opteron 180,1107.3165,746,73.85159010600707
259,[Quad CPU] Intel Xeon E5-4667 v4 @ 2.20GHz,43481.8615,53402,73.85159010600707
260,Intel Celeron G530T @ 2.00GHz,1070.12,1056,73.85159010600707
261,AMD Ryzen 5 3600XT,16843.648,18640,73.85159010600707
262,Intel Core Duo L2300 @ 1.50GHz,288.6185,387,73.85159010600707
263,Intel Core2 Duo T8300 @ 2.40GHz,982.986,896,73.85159010600707
264,AMD Turion X2 Dual Core Mobile RM-70,290.877,497,73.85159010600707
265,Intel Xeon Gold 6262 @ 1.90GHz,21362.1995,21823,73.85159010600707
266,[Dual CPU] Intel Xeon Platinum 8260M @ 2.30GHz,58026.473,55297,73.85159010600707
267,AMD Athlon Neo X2 Dual Core L325,499.742,556,73.85159010600707
268,[Quad CPU] Intel Xeon E5-4669 v3 @ 2.10GHz,26131.7065,41232,73.85159010600707
269,AMD Athlon PRO 300U,4780.9515,4080,73.85159010600707
270,Intel Core i5-4460T @ 1.90GHz,3770.9885,3647,73.85159010600707
271,Intel Xeon Gold 6246R @ 3.40GHz,30542.8765,30468,73.85159010600707
272,[Dual CPU] Intel Xeon Gold 6268CL @ 2.80GHz,61556.358,60687,73.85159010600707
273,Intel Core i5-4570TE @ 2.70GHz,2851.295,3074,73.85159010600707
274,AMD A6-5400K APU,1273.3475,1270,73.85159010600707
275,[Dual CPU] Intel Xeon Gold 6262 @ 1.90GHz,56583.5715,47488,73.85159010600707
276,AMD Turion 64 Mobile ML-30,254.3165,277,73.85159010600707
277,AMD Ryzen Threadripper PRO 7985WX,127480.1275,135597,73.85159010600707
278,Intel Xeon E5-4610 v3 @ 1.70GHz,6447.092,7229,73.85159010600707
279,AMD Ryzen 5 Pro 7535U,15961.1855,17547,73.85159010600707
280,Intel Xeon L3360 @ 2.83GHz,2064.068,2412,73.85159010600707
281,Intel Core i7-940 @ 2.93GHz,3064.273,2947,73.85159010600707
282,Intel Xeon Silver 4215 @ 2.50GHz,16228.3225,14439,73.85159010600707
283,AMD Turion II Dual-Core Mobile M540,979.117,912,73.85159010600707
284,Intel Xeon E5-2678 v3 @ 2.50GHz,13439.743,14712,73.85159010600707
285,Intel Xeon Silver 4215R @ 3.20GHz,13784.317,15004,73.85159010600707
286,[Dual CPU] AMD EPYC 7702,94019.838,94529,73.85159010600707
287,Intel Core i7-7700HQ @ 2.80GHz,5780.7005,6908,73.85159010600707
288,Intel Core i3-6100H @ 2.70GHz,4024.4235,3041,73.85159010600707
289,AMD Ryzen 7 5800U,18324.786,18424,73.85159010600707
290,Intel Xeon E-2378G @ 2.80GHz,20085.9785,21153,73.85159010600707
291,AMD Ryzen 5 3580U,7005.516,7271,73.85159010600707
292,Intel Celeron 215 @ 1.33GHz,371.126,174,73.85159010600707
293,Intel Xeon D-1540 @ 2.00GHz,5924.0415,10061,73.85159010600707
294,Intel Xeon E5-2448L v2 @ 1.80GHz,7609.564,6774,73.85159010600707
295,Intel Core i5-9600KF @ 3.70GHz,9360.197,10680,73.85159010600707
296,AMD A4-3310MX APU,805.8975,782,73.85159010600707
297,Dual-Core AMD Opteron 1220 SE,1160.397,748,73.85159010600707
298,AMD Opteron 150,281.055,393,73.85159010600707
299,Intel Core i7-2600K @ 3.40GHz,4988.08,5489,73.85159010600707
300,Intel U300,19191.14,8355,73.85159010600707
301,[Dual CPU] Intel Xeon Gold 6354 @ 3.00GHz,61456.205,64487,73.85159010600707
302,Intel Xeon E5-4610 @ 2.40GHz,6674.967,6460,73.85159010600707
303,Intel Core i3-8145UE @ 2.20GHz,9448.612,4099,73.85159010600707
304,Intel Xeon Gold 6538N,35085.4515,44895,73.85159010600707
305,Intel Pentium N3530 @ 2.16GHz,1690.996,1189,73.85159010600707
306,Intel Xeon Gold 6330N @ 2.20GHz,34317.4315,36360,73.85159010600707
307,AMD 3020e,3071.6465,2448,73.85159010600707
308,Intel Xeon D-2796TE @ 2.00GHz,28559.3415,26342,73.85159010600707
309,AMD Phenom II X4 900e,1620.442,1505,73.85159010600707
310,[Quad CPU] Intel Xeon X7550 @ 2.00GHz,13142.593,14723,73.85159010600707
311,AMD Ryzen 7 PRO 4750GE,22657.637,18465,73.85159010600707
312,[Dual CPU] Intel Xeon E5504 @ 2.00GHz,3003.2675,3305,73.85159010600707
313,Intel Core i9-7920X @ 2.90GHz,26768.1835,23680,73.85159010600707
314,Intel Xeon E5-1680 v3 @ 3.20GHz,11533.904,13108,73.85159010600707
315,AMD Opteron 6164 HE,1499.738,3478,73.85159010600707
316,Intel Xeon E5-4627 v2 @ 3.30GHz,8592.2455,9320,73.85159010600707
317,[Quad CPU] Intel Xeon E5-2420 @ 1.90GHz,2007.454,3065,73.85159010600707
318,AMD Athlon X4 860K,3187.482,3432,73.85159010600707
319,[Dual CPU] Intel Xeon Gold 6136 @ 3.00GHz,33711.2935,35966,73.85159010600707
320,Intel Core i5-10500 @ 3.10GHz,17488.1485,13318,73.85159010600707
321,Intel Xeon E-2278GEL @ 2.00GHz,13202.226,12024,73.85159010600707
322,Intel Celeron N2815 @ 1.86GHz,637.7055,495,73.85159010600707
323,Intel Xeon W-1290P @ 3.70GHz,21647.767,22435,73.85159010600707
324,Intel Core i3-4160T @ 3.10GHz,2993.8805,3112,73.85159010600707
325,AMD Athlon II X2 245,1047.512,1110,73.85159010600707
326,Intel Xeon E5-2620 @ 2.00GHz,4628.2885,5291,73.85159010600707
327,AMD Ryzen Threadripper 1920X,25115.676,23086,73.85159010600707
328,Intel Atom x5-E3930 @ 1.30GHz,1413.2525,928,73.85159010600707
329,Intel Xeon E5-2670 @ 2.60GHz,8153.295,8956,73.85159010600707
330,Intel Core i5-9500TE @ 2.20GHz,9739.1555,9861,73.85159010600707
331,AMD A10-6700 APU,2637.59,3104,73.85159010600707
332,Intel Core i7-4700MQ @ 2.40GHz,5070.7555,5345,73.85159010600707
333,Intel Core i9-10900KF @ 3.70GHz,23608.3435,22536,73.85159010600707
334,Intel Atom C2358 @ 1.74GHz,544.366,578,73.85159010600707
335,AMD Athlon 64 FX-57,946.3425,517,73.85159010600707
336,Intel Core i3-10300T @ 3.00GHz,8636.7695,7975,73.85159010600707
337,[Dual CPU] Intel Xeon X5672 @ 3.20GHz,10393.1975,8825,73.85159010600707
338,AMD Ryzen 3 5300G,16237.3345,12913,73.85159010600707
339,Intel Xeon Bronze 3104 @ 1.70GHz,4337.1365,4437,73.85159010600707
340,Intel Atom N550 @ 1.50GHz,238.222,283,73.85159010600707
341,[Dual CPU] AMD EPYC 9224,95132.937,92938,73.85159010600707
342,Intel Pentium D 915 @ 2.80GHz,401.8215,465,73.85159010600707
343,Intel Core i3-3240T @ 2.90GHz,2049.0135,2037,73.85159010600707
344,AMD Phenom II X4 B99,2875.5345,2536,73.85159010600707
345,AMD A8-7680,2762.688,3544,73.85159010600707
346,[Dual CPU] Intel Xeon Gold 5416S,80663.9,62325,73.85159010600707
347,Intel Core i7-5850HQ @ 2.70GHz,6259.791,6866,73.85159010600707
348,Intel Pentium 4405Y @ 1.50GHz,2451.446,1526,73.85159010600707
349,Intel Core2 Duo P9600 @ 2.53GHz,1426.791,1040,73.85159010600707
350,AMD A4-7300 APU,1597.161,1529,73.85159010600707
351,Intel Celeron B810 @ 1.60GHz,752.1145,775,73.85159010600707
352,AMD Turion X2 Dual Core L510,646.3385,603,73.85159010600707
353,AMD Athlon II X2 240e,1047.919,987,73.85159010600707
354,Intel Core i5-8279U @ 2.40GHz,9402.856,7465,73.85159010600707
355,Intel Core i7-4900MQ @ 2.80GHz,4666.928,6117,73.85159010600707
356,Intel Pentium D 950 @ 3.40GHz,691.17,681,73.85159010600707
357,[Dual CPU] Intel Xeon E5345 @ 2.33GHz,2660.567,3458,73.85159010600707
358,Intel Core2 Duo T9500 @ 2.60GHz,1198.16,1046,73.85159010600707
359,Intel Core i3-10100 @ 3.60GHz,9728.714,8651,73.85159010600707
360,[Dual CPU] AMD EPYC 7F32,44441.049,39712,73.85159010600707
361,[Dual CPU] Intel Xeon L5410 @ 2.33GHz,5033.959,3974,73.85159010600707
362,Intel Celeron G4900T @ 2.90GHz,2908.778,2239,73.85159010600707
363,Intel Xeon W-2125 @ 4.00GHz,8964.27,10027,73.85159010600707
364,Athlon Dual Core 4050e,573.781,670,73.85159010600707
365,Intel Core i5-7600K @ 3.80GHz,6796.518,6807,73.85159010600707
366,Intel Xeon Platinum 8260 @ 2.40GHz,29310.9735,30347,73.85159010600707
367,AMD A8-4500M APU,1730.47,1683,73.85159010600707
368,AMD Opteron 2222,794.323,1198,73.85159010600707
369,Intel Pentium M 1.40GHz,210.0445,225,73.85159010600707
370,Intel Core Ultra 5 125H,17906.787,22397,73.85159010600707
371,Intel Atom x6425RE @ 1.90GHz,2438.963,2990,73.85159010600707
372,Intel Xeon X3370 @ 3.00GHz,2489.519,2465,73.85159010600707
373,Intel Pentium A1018 @ 2.10GHz,1195.1525,1210,73.85159010600707
374,AMD Ryzen Threadripper 1920,23432.12,22066,73.85159010600707
375,[Dual CPU] Intel Xeon E5530 @ 2.40GHz,5299.7695,5214,73.85159010600707
376,[Dual CPU] Intel Xeon X5570 @ 2.93GHz,5741.609,6238,73.85159010600707
377,[Quad CPU] Intel Xeon Platinum 8160 @ 2.10GHz,77267.9045,72905,73.85159010600707
378,AMD EPYC 72F3,24400.814,27252,73.85159010600707
379,Intel Core i9-9940X @ 3.30GHz,28355.553,27996,73.85159010600707
380,[Dual CPU] Intel Xeon E5506 @ 2.13GHz,3633.2185,3710,73.85159010600707
381,Intel Core2 Duo T7200 @ 2.00GHz,691.6795,738,73.85159010600707
382,[Dual CPU] AMD EPYC 7573X,100414.8075,103531,73.85159010600707
383,Intel Pentium G3440 @ 3.30GHz,2600.6735,2202,73.85159010600707
384,AMD A6-7310 APU,1166.717,1724,73.85159010600707
385,AMD A4-9120,1459.9535,1224,73.85159010600707
386,Intel Xeon E3-1505L v5 @ 2.00GHz,3700.5025,5083,73.85159010600707
387,Intel Core i5-5675C @ 3.10GHz,6007.8695,5606,73.85159010600707
388,AMD Phenom 9600B Quad-Core,1478.4595,1822,73.85159010600707
389,AMD EPYC 7451,25660.9355,25863,73.85159010600707
390,AMD E1-6010 APU,666.585,535,73.85159010600707
391,Intel Core Duo T2500 @ 2.00GHz,444.042,408,73.85159010600707
392,Intel Atom N280 @ 1.66GHz,419.852,157,73.85159010600707
393,[Dual CPU] Intel Xeon E5-2603 @ 1.80GHz,3820.854,4433,73.85159010600707
394,Intel Core i7-1180G7 @ 1.30GHz,9130.7845,8293,73.85159010600707
395,Intel Xeon 5160 @ 3.00GHz,1105.488,963,73.85159010600707
396,[Dual CPU] Intel Xeon Platinum 8468,124578.4275,126838,73.85159010600707
397,Intel Xeon E3-1276 v3 @ 3.60GHz,7327.812,7508,73.85159010600707
398,[Dual CPU] AMD Opteron 4386,7789.8065,9253,73.85159010600707
399,Intel Core i5-8250U @ 1.60GHz,5868.3205,5868,73.85159010600707
400,AMD G-T40N,329.1655,299,73.85159010600707
401,Intel Celeron J3455E @ 1.50GHz,2630.253,2193,73.85159010600707
402,Intel Xeon Gold 6258R @ 2.70GHz,42400.2885,40252,73.85159010600707
403,AMD Opteron 170,805.015,648,73.85159010600707
404,Intel Xeon Platinum P-8124 @ 3.00GHz,25507.6225,22674,73.85159010600707
405,Intel Xeon E-2478,24290.644,29827,73.85159010600707
406,AMD EPYC 7281,15962.624,21621,73.85159010600707
407,AMD Sempron 210U,244.1375,267,73.85159010600707
408,Intel Core i5-3427U @ 1.80GHz,2684.2795,2252,73.85159010600707
409,Intel Xeon E5-2667 v4 @ 3.20GHz,12928.946,13847,73.85159010600707
410,Intel Celeron N5095 @ 2.00GHz,5696.3245,4086,73.85159010600707
411,AMD Athlon X3 435,1861.907,1781,73.85159010600707
412,Intel Core i7-7700T @ 2.90GHz,7673.982,7597,73.85159010600707
413,Intel Core i5-6402P @ 2.80GHz,5198.5645,5379,73.85159010600707
414,[5-Way CPU] AMD Ryzen 9 5950X,12983.8635,13220,73.85159010600707
415,Intel Xeon E3-1230L v3 @ 1.80GHz,3475.319,5251,73.85159010600707
416,AMD Sempron 3400+,213.606,292,73.85159010600707
417,AMD Phenom 8850B Triple-Core,1434.3905,1281,73.85159010600707
418,Intel Xeon Gold 6348 @ 2.60GHz,49578.319,52276,73.85159010600707
419,AMD Athlon X2 450,1026.5355,1295,73.85159010600707
420,[Dual CPU] Intel Xeon Gold 6530,86976.2095,97607,73.85159010600707
421,AMD A10-8700P,1967.975,2245,73.85159010600707
422,AMD A8-3850 APU,2296.2165,2374,73.85159010600707
423,Intel Core i7-13850HX,33558.948,37987,73.85159010600707
424,Intel Core i7-5550U @ 2.00GHz,4234.119,2864,73.85159010600707
425,Intel Core i5-9600T @ 2.30GHz,11327.832,9620,73.85159010600707
426,AMD PRO A4-4350B,1194.433,1134,73.85159010600707
427,Intel Core i5-9600K @ 3.70GHz,9360.197,10671,73.85159010600707
428,Intel Xeon E5-2648L @ 1.80GHz,4630.975,5262,73.85159010600707
429,AMD Athlon Gold PRO 3150G,7939.7965,7702,73.85159010600707
430,Intel Core i5-3340M @ 2.70GHz,2498.2735,2694,73.85159010600707
431,Intel Core i7-9700TE @ 1.80GHz,7001.2825,10203,73.85159010600707
432,[Dual CPU] Intel Xeon Gold 6342 @ 2.80GHz,74967.617,73194,73.85159010600707
433,Intel Xeon E5-4620 v3 @ 2.00GHz,10820.4045,10525,73.85159010600707
434,[Dual CPU] Intel Xeon E5-2440 @ 2.40GHz,10390.264,10776,73.85159010600707
435,Intel Core Duo T2300 @ 1.66GHz,302.5365,325,73.85159010600707
436,Intel Xeon E5-2689 v4 @ 3.10GHz,16886.4965,17049,73.85159010600707
437,Intel Pentium Extreme Edition 955 @ 3.46GHz,1130.383,469,73.85159010600707
438,AMD Ryzen 7 2700X,14889.5395,17519,73.85159010600707
439,AMD Ryzen 7 PRO 6850H,23186.8605,22960,73.85159010600707
440,Intel Xeon D-1559 @ 1.50GHz,7627.903,8015,73.85159010600707
441,AMD Phenom II X4 850,2360.612,2400,73.85159010600707
442,Intel Core2 Duo P8800 @ 2.66GHz,1221.7065,937,73.85159010600707
443,AMD Athlon II X4 638 Quad-Core,2063.2455,2250,73.85159010600707
444,[Quad CPU] Intel Xeon E5-4650 @ 2.70GHz,22655.649,27008,73.85159010600707
445,Intel Celeron E1600 @ 2.40GHz,954.257,840,73.85159010600707
446,Intel Xeon E-2124G @ 3.40GHz,8455.8465,7418,73.85159010600707
447,Intel Xeon Gold 6526Y,44158.284,46025,73.85159010600707
448,AMD PRO A6-8500B,1895.0345,1601,73.85159010600707
449,[Dual CPU] Intel Xeon Gold 6334 @ 3.60GHz,31408.192,34757,73.85159010600707
450,AMD Ryzen 5 1500X,7670.688,9102,73.85159010600707
451,AMD Ryzen 5 1400,5842.958,7753,73.85159010600707
452,Intel Xeon E3-1245 V2 @ 3.40GHz,5920.133,6308,73.85159010600707
453,[Dual CPU] Intel Xeon X5560 @ 2.80GHz,6366.4125,5864,73.85159010600707
454,AMD Opteron 6128,504.923,2826,73.85159010600707
455,AMD PRO A10-8750B,2137.1005,2879,73.85159010600707
456,AMD Phenom II X940 Quad-Core,817.5665,1797,73.85159010600707
457,Intel Core m7-6Y75 @ 1.20GHz,2682.15,2326,73.85159010600707
458,Intel Core i5-14400F,25721.363,25624,73.85159010600707
459,Intel Xeon E5-2669 v3 @ 2.30GHz,14272.1435,16107,73.85159010600707
460,AMD Athlon X3 440,1967.7905,1438,73.85159010600707
461,Intel Core i5-2557M @ 1.70GHz,1682.8615,1713,73.85159010600707
462,AMD Ryzen 3 PRO 2300U,6870.51,5795,73.85159010600707
463,Intel Xeon E5-2637 v2 @ 3.50GHz,7479.517,6457,73.85159010600707
464,Intel Core i5-4210M @ 2.60GHz,3162.233,2888,73.85159010600707
465,Intel Core2 Extreme X6800 @ 2.93GHz,1152.0305,1095,73.85159010600707
466,Intel Core i7-8706G @ 3.10GHz,7592.384,7287,73.85159010600707
467,AMD Ryzen 3 5300GE,14729.3025,13074,73.85159010600707
468,AMD A8-6410 APU,1482.6445,1771,73.85159010600707
469,Intel Xeon E-2236 @ 3.40GHz,15284.468,14012,73.85159010600707
470,AMD Turion Dual-Core RM-74,548.053,588,73.85159010600707
471,Intel Core i5-2380P @ 3.10GHz,4031.718,3797,73.85159010600707
472,[Dual CPU] AMD Ryzen Threadripper PRO 3995WX,111173.4515,113693,73.85159010600707
473,[Dual CPU] Intel Xeon E5-2683 v3 @ 2.00GHz,21480.37,23992,73.85159010600707
474,Intel Core i5-9400H @ 2.50GHz,9858.5235,7912,73.85159010600707
475,Intel Core i3-2100 @ 3.10GHz,1953.617,1855,73.85159010600707
476,[Dual CPU] AMD EPYC 7513,81149.4585,96409,73.85159010600707
477,AMD Ryzen 7 9700X,44897.038,37304,73.85159010600707
478,AMD Ryzen 9 PRO 5945,26139.9425,34573,73.85159010600707
479,Intel Core i7-3632QM @ 2.20GHz,2810.6695,4697,73.85159010600707
480,Intel Core i7-6770HQ @ 2.60GHz,5837.5145,7087,73.85159010600707
481,Intel Core i7-1250U,14365.0945,11722,73.85159010600707
482,Intel Xeon E5-2603 v2 @ 1.80GHz,1901.0885,2735,73.85159010600707
483,Intel Xeon L5430 @ 2.66GHz,1612.3365,2260,73.85159010600707
484,Intel Xeon X5460 @ 3.16GHz,2739.1845,2572,73.85159010600707
485,Intel Core i7-4770T @ 2.50GHz,5992.3565,5973,73.85159010600707
486,AMD Embedded R-Series RX-421ND,2190.6225,3024,73.85159010600707
487,AMD Athlon II X4 557,3049.652,2567,73.85159010600707
488,Intel Xeon X3330 @ 2.66GHz,2272.6345,2111,73.85159010600707
489,[Dual CPU] AMD Opteron 285,1731.7585,1441,73.85159010600707
490,AMD Ryzen Threadripper 2950X,26886.1505,29442,73.85159010600707
491,Intel Xeon W3530 @ 2.80GHz,3227.284,3068,73.85159010600707
492,Intel Core i7-11700F @ 2.50GHz,21191.453,20997,73.85159010600707
493,Intel Core2 Duo T7300 @ 2.00GHz,734.235,680,73.85159010600707
494,[Dual CPU] Intel Xeon Gold 6253CL @ 3.10GHz,48933.2595,49872,73.85159010600707
495,AMD A8-3800 APU,1534.422,2049,73.85159010600707
496,Intel Core i3-14100,17411.916,15043,73.85159010600707
497,Intel Core i5-13420H,23960.8075,18600,73.85159010600707
498,Intel Core Duo T2600 @ 2.16GHz,503.319,460,73.85159010600707
499,[Dual CPU] Intel Xeon E5-2637 @ 3.00GHz,5001.6805,5775,73.85159010600707
500,Intel Xeon E5-2418L v2 @ 2.00GHz,5634.615,5380,73.85159010600707
501,Intel Xeon E5-1620 v4 @ 3.50GHz,9127.9635,7382,73.85159010600707
502,Intel Core i5-7200U @ 2.50GHz,4544.681,3387,73.85159010600707
503,Intel Core i3-380M @ 2.53GHz,1044.873,1200,73.85159010600707
504,Intel Xeon E7-8891 v3 @ 2.80GHz,18566.9195,21615,73.85159010600707
505,[Dual CPU] Intel Xeon Gold 6248 @ 2.50GHz,29098.292,33619,73.85159010600707
506,AMD Opteron 1356,1640.404,1703,73.85159010600707
507,Intel Xeon D-1733NT @ 2.00GHz,9051.0315,14849,73.85159010600707
508,Intel Core i7-6900K @ 3.20GHz,14977.769,14476,73.85159010600707
509,Intel Xeon E5-2686 v3 @ 2.00GHz,18263.4285,18148,73.85159010600707
510,AMD Phenom II X4 980,3445.733,2839,73.85159010600707
511,Intel Xeon E5-4603 @ 2.00GHz,2057.115,3391,73.85159010600707
512,AMD Opteron 2218,454.8365,1036,73.85159010600707
513,Intel Core2 Extreme Q6850 @ 3.00GHz,2462.4165,2304,73.85159010600707
514,Intel Core2 Duo T9550 @ 2.66GHz,1173.5215,972,73.85159010600707
515,Intel Xeon E-2286M @ 2.40GHz,17211.5185,15092,73.85159010600707
516,Intel Atom x6425E @ 2.00GHz,5425.321,3905,73.85159010600707
517,Intel Core i7-13790F,46678.8755,46309,73.85159010600707
518,AMD EPYC 7552,63172.348,61282,73.85159010600707
519,Intel Core2 Duo P8400 @ 2.26GHz,915.898,850,73.85159010600707
520,Intel Celeron E1200 @ 1.60GHz,482.27,516,73.85159010600707
521,Intel Celeron 570 @ 2.26GHz,322.413,344,73.85159010600707
522,Intel Xeon Gold 5218T @ 2.10GHz,22848.0605,21433,73.85159010600707
523,AMD A6-5400B APU,1502.084,1459,73.85159010600707
524,Intel Xeon Gold 6530,67116.135,65533,73.85159010600707
525,AMD Ryzen 7 4800H,10918.449,18523,73.85159010600707
526,AMD Athlon 300GE,5618.045,4273,73.85159010600707
527,Intel Xeon E5-2660 v3 @ 2.60GHz,15216.869,13135,73.85159010600707
528,[Dual CPU] AMD Opteron 6128 HE,5863.8995,6339,73.85159010600707
529,[Dual CPU] Intel Xeon Silver 4114 @ 2.20GHz,25497.088,20898,73.85159010600707
530,AMD Phenom II X3 B73,1846.502,1538,73.85159010600707
531,Intel Core i5-8200Y @ 1.30GHz,3151.6195,2174,73.85159010600707
532,Intel Xeon E-2226G @ 3.40GHz,10107.1805,11110,73.85159010600707
533,[Dual CPU] Intel Xeon E5-2680 v2 @ 2.80GHz,22501.069,21269,73.85159010600707
534,AMD Athlon Silver 7120U,5473.0385,3155,73.85159010600707
535,Intel Core i5-520UM @ 1.07GHz,868.892,908,73.85159010600707
536,AMD Ryzen 5 5600G,18796.3595,19880,73.85159010600707
537,Intel Pentium Silver N6000 @ 1.10GHz,2800.997,3059,73.85159010600707
538,Intel Pentium 4 1800MHz,148.4125,114,73.85159010600707
539,[Dual CPU] AMD Opteron 2382,4941.9755,4516,73.85159010600707
540,Intel Core i7-8850H @ 2.60GHz,8323.4245,10212,73.85159010600707
541,Intel Core i5-4470 @ 3.30GHz,4501.522,3971,73.85159010600707
542,[Dual CPU] Intel Xeon X5450 @ 3.00GHz,2837.5115,4814,73.85159010600707
543,Intel Core i5-3570K @ 3.40GHz,5204.818,4952,73.85159010600707
544,Intel Atom x6211E @ 1.30GHz,4025.3245,1833,73.85159010600707
545,AMD Opteron 4280,3544.2385,4504,73.85159010600707
546,Intel Core i5-760 @ 2.80GHz,2520.7855,2628,73.85159010600707
547,Intel Atom N470 @ 1.83GHz,324.0935,224,73.85159010600707
548,Intel Core i5-4278U @ 2.60GHz,3250.261,2831,73.85159010600707
549,[Dual CPU] Intel Xeon E5-2620 @ 2.00GHz,9661.488,9763,73.85159010600707
550,AMD Opteron 6328,4928.7195,5306,73.85159010600707
551,[Dual CPU] Intel Xeon Gold 6122 @ 1.80GHz,43440.078,40707,73.85159010600707
552,Intel Xeon E5-2650 v4 @ 2.20GHz,14047.4415,13591,73.85159010600707
553,Intel Core M-5Y10 @ 0.80GHz,1962.408,1628,73.85159010600707
554,AMD Ryzen 7 7840U,20476.561,24949,73.85159010600707
555,Intel Celeron J4005 @ 2.00GHz,2096.3105,1550,73.85159010600707
556,Intel Celeron D 347 @ 3.06GHz,524.1915,232,73.85159010600707
557,[Dual CPU] Intel Xeon Gold 5320 @ 2.20GHz,56388.1935,64917,73.85159010600707
558,[Dual CPU] Intel Xeon X5650 @ 2.67GHz,10861.7385,10128,73.85159010600707
559,Intel Pentium 4 1500MHz,89.4635,81,73.85159010600707
560,Intel Core i7-860 @ 2.80GHz,2318.973,2993,73.85159010600707
561,Intel Xeon E3-1270 v3 @ 3.50GHz,7027.6615,7274,73.85159010600707
562,Intel Xeon Silver 4310 @ 2.10GHz,22019.388,22642,73.85159010600707
563,Intel Core i5-8500B @ 3.00GHz,8673.2605,8944,73.85159010600707
564,AMD A10-6700T APU,1906.9415,2299,73.85159010600707
565,Intel Core i5-5350U @ 1.80GHz,2990.389,2569,73.85159010600707
566,Intel Celeron 807UE @ 1.00GHz,300.6845,241,73.85159010600707
567,AMD Athlon Dual Core 4050e,648.5635,674,73.85159010600707
568,AMD E1-1500 APU,378.5785,398,73.85159010600707
569,AMD PRO A6-8570,2323.5775,1906,73.85159010600707
570,VIA Nano U2250 (1.6GHz Capable),196.9645,187,73.85159010600707
571,Intel Core i5-4470S @ 3.00GHz,4413.7835,4742,73.85159010600707
572,Intel Xeon Gold 6132 @ 2.60GHz,20928.253,22099,73.85159010600707
573,Intel Xeon E5-1607 v4 @ 3.10GHz,6044.491,5200,73.85159010600707
574,AMD Turion 64 Mobile ML-44,247.878,384,73.85159010600707
575,Intel Xeon W-2135 @ 3.70GHz,16713.2315,14446,73.85159010600707
576,[Dual CPU] Intel Xeon Platinum 6162 @ 1.90GHz,45788.743,42073,73.85159010600707
577,[Dual CPU] Intel Xeon E5-2650L @ 1.80GHz,13498.6485,11364,73.85159010600707
578,Intel Celeron G4900 @ 3.10GHz,2497.261,2394,73.85159010600707
579,Intel Xeon E3113 @ 3.00GHz,1333.331,1429,73.85159010600707
580,AMD R-464L APU,1467.1105,1773,73.85159010600707
581,AMD A4-5150M APU,676.5585,765,73.85159010600707
582,Intel Xeon E5520 @ 2.27GHz,2057.8995,2524,73.85159010600707
583,Intel Xeon E-2186G @ 3.80GHz,10769.3495,13964,73.85159010600707
584,Intel Core i5-8400H @ 2.50GHz,8176.032,7644,73.85159010600707
585,Intel Celeron M 440 @ 1.86GHz,273.214,169,73.85159010600707
586,AMD A8-7690K,2887.238,2157,73.85159010600707
587,Intel Xeon D-2183IT @ 2.20GHz,19382.878,19377,73.85159010600707
588,Intel Xeon W-1270P @ 3.80GHz,16803.904,17113,73.85159010600707
589,AMD Ryzen 3 1200,5831.636,6275,73.85159010600707
590,[Dual CPU] Intel Xeon Platinum 8480+,121192.558,125165,73.85159010600707
591,Intel Xeon Gold 6334 @ 3.60GHz,20390.4135,21521,73.85159010600707
592,AMD TurionX2 Dual Core Mobile RM-70,619.87,536,73.85159010600707
593,Intel Core i7-6700 @ 3.40GHz,8213.742,8080,73.85159010600707
594,Intel Core i5-12600K,33807.2145,27708,73.85159010600707
595,Intel Atom Z670 @ 1.50GHz,95.327,158,73.85159010600707
596,AMD A10-9620P,2312.1565,2540,73.85159010600707
597,AMD Ryzen 5 7645HX,31504.928,26868,73.85159010600707
598,Intel Xeon D-1718T @ 2.60GHz,9598.359,9713,73.85159010600707
599,Intel Xeon Silver 4110 @ 2.10GHz,11513.915,10215,73.85159010600707
600,Intel Core i7-13650HX,31818.866,31418,73.85159010600707
601,[Dual CPU] Intel Xeon Gold 6134 @ 3.20GHz,29375.655,28513,73.85159010600707
602,[Dual CPU] Intel Xeon Silver 4216 @ 2.10GHz,28900.5145,30184,73.85159010600707
603,Intel Celeron 1000M @ 1.80GHz,1113.188,1070,73.85159010600707
604,Intel Celeron E3200 @ 2.40GHz,871.1425,839,73.85159010600707
605,AMD A8-7670K,3476.642,3192,73.85159010600707
606,Intel Atom C2350 @ 1.74GHz,1267.196,520,73.85159010600707
607,Intel Xeon Gold 5218 @ 2.30GHz,22787.9685,21986,73.85159010600707
608,Intel Core i3-4110M @ 2.60GHz,2672.992,2678,73.85159010600707
609,AMD Opteron 6234,2669.748,4072,73.85159010600707
610,AMD Opteron 2384,1839.6265,2074,73.85159010600707
611,Intel Xeon E5-2666 v3 @ 2.90GHz,14626.262,14294,73.85159010600707
612,Intel Core i5-9600 @ 3.10GHz,10756.61,10417,73.85159010600707
613,[Dual CPU] Intel Xeon Silver 4210 @ 2.20GHz,24005.2725,23593,73.85159010600707
614,AMD Turion X2 Ultra Dual-Core Mobile ZM-82,724.9715,733,73.85159010600707
615,Intel Xeon E3-1505L v6 @ 2.20GHz,3710.342,6088,73.85159010600707
616,Intel Xeon Gold 5118 @ 2.30GHz,15046.5095,16627,73.85159010600707
617,Intel Xeon Gold 6438N,53234.515,52789,73.85159010600707
618,Intel Xeon E5-2650L v2 @ 1.70GHz,9997.473,7586,73.85159010600707
619,Intel Core i3-1000NG4 @ 1.10GHz,6852.063,3572,73.85159010600707
620,[Dual CPU] Intel Xeon Silver 4410T,62684.8765,48208,73.85159010600707
621,Intel Xeon Platinum 8168 @ 2.70GHz,39971.271,33099,73.85159010600707
622,Intel Celeron P4500 @ 1.87GHz,679.2165,848,73.85159010600707
623,AMD Ryzen Threadripper 2990WX,27652.0165,32167,73.85159010600707
624,[Dual CPU] AMD EPYC 7402,59113.0045,63999,73.85159010600707
625,AMD Ryzen 5 PRO 4655GE,11426.8405,14436,73.85159010600707
626,Intel Xeon E5-1660 @ 3.30GHz,7927.4315,8413,73.85159010600707
627,Intel Core i7-10700KF @ 3.80GHz,19950.132,18595,73.85159010600707
628,[Quad CPU] Intel Xeon E7-4880 v2 @ 2.50GHz,46135.155,39311,73.85159010600707
629,Intel Core i5-2410M @ 2.30GHz,1921.4385,1941,73.85159010600707
630,Intel Pentium G4520 @ 3.60GHz,2949.445,2707,73.85159010600707
631,Intel Core2 Duo T5250 @ 1.50GHz,523.3625,549,73.85159010600707
632,AMD A8-5550M APU,1770.623,1862,73.85159010600707
633,[Dual CPU] Intel Xeon Gold 5220 @ 2.20GHz,43311.197,41925,73.85159010600707
634,AMD E-450 APU,389.5615,437,73.85159010600707
635,[Dual CPU] Intel Xeon E5-2698 v4 @ 2.20GHz,42035.528,39543,73.85159010600707
636,AMD Opteron 1218,1683.6205,910,73.85159010600707
637,Intel Core2 Duo SP9400 @ 2.40GHz,1047.1175,863,73.85159010600707
638,Intel Pentium E5800 @ 3.20GHz,1243.788,1165,73.85159010600707
639,Intel Xeon E5-2648L v3 @ 1.80GHz,9640.628,9847,73.85159010600707
640,[Quad CPU] Intel Xeon Gold 5320H @ 2.40GHz,66862.2415,83263,73.85159010600707
641,Intel Celeron D 356 @ 3.33GHz,475.7785,251,73.85159010600707
642,AMD PRO A8-8600B,2076.4475,2190,73.85159010600707
643,Intel Celeron G1101 @ 2.27GHz,1023.951,1086,73.85159010600707
644,AMD E-350,369.32,421,73.85159010600707
645,[Dual CPU] Intel Xeon Gold 6438Y+,86196.28,93306,73.85159010600707
646,AMD Opteron 2378,2212.874,1864,73.85159010600707
647,Intel Xeon E3-1271 v3 @ 3.60GHz,7313.1105,7539,73.85159010600707
648,Intel Core i7-1280P,17737.016,20368,73.85159010600707
649,Intel Pentium Gold G5600F @ 3.90GHz,4008.765,4124,73.85159010600707
650,Intel Celeron N2830 @ 2.16GHz,698.603,550,73.85159010600707
651,Intel Core i7-4930K @ 3.40GHz,9637.3365,9403,73.85159010600707
652,AMD FX-9590 Eight-Core,6796.9475,6788,73.85159010600707
653,AMD EPYC 8534P,69757.8385,71900,73.85159010600707
654,Intel Core i7-2860QM @ 2.50GHz,4152.229,4521,73.85159010600707
655,Intel Core i5-4460 @ 3.20GHz,4444.184,4887,73.85159010600707
656,Intel Xeon X5680 @ 3.33GHz,6884.7755,6833,73.85159010600707
657,Intel Pentium T4400 @ 2.20GHz,744.1785,769,73.85159010600707
658,Intel Core i5-10210Y @ 1.00GHz,4967.89,4475,73.85159010600707
659,AMD FX-4300 Quad-Core,3146.961,2986,73.85159010600707
660,AMD Turion 64 X2 Mobile TL-62,657.387,649,73.85159010600707
661,Intel Core2 Duo T7800 @ 2.60GHz,955.6655,932,73.85159010600707
662,AMD Turion 64 Mobile MT-30,194.582,246,73.85159010600707
663,Intel Core i5-3610ME @ 2.70GHz,2733.5895,2666,73.85159010600707
664,Intel Core i7-10700F @ 2.90GHz,15583.5045,16429,73.85159010600707
665,[Dual CPU] AMD EPYC 7401,58769.151,55280,73.85159010600707
666,AMD Ryzen 5 2600X,11498.2465,13907,73.85159010600707
667,Intel Pentium 4 2.26GHz,286.7865,151,73.85159010600707
668,[Dual CPU] Intel Xeon L5638 @ 2.00GHz,5564.8505,7217,73.85159010600707
669,Intel Core i5-520M @ 2.40GHz,1660.5785,1723,73.85159010600707
670,Intel Xeon w9-3595X,81709.373,100127,73.85159010600707
671,AMD Athlon II X4 645,2253.16,2348,73.85159010600707
672,[Dual CPU] Intel Xeon E5-2450L @ 1.80GHz,14976.2755,11711,73.85159010600707
673,Intel Core i9-10900F @ 2.80GHz,17377.656,19955,73.85159010600707
674,[Dual CPU] Intel Xeon Gold 6418H,92660.6275,84526,73.85159010600707
675,Intel Xeon L5530 @ 2.40GHz,2888.587,2522,73.85159010600707
676,[Dual CPU] Intel Xeon E5-2643 v4 @ 3.40GHz,22116.165,19933,73.85159010600707
677,Intel Core i9-12900F,33481.0965,36408,73.85159010600707
678,Intel Xeon E5-2667 v3 @ 3.20GHz,12456.398,12633,73.85159010600707
679,[Dual CPU] Intel Xeon E5-2640 v2 @ 2.00GHz,9876.1095,13421,73.85159010600707
680,Intel Core i3-13100E,13830.3415,11650,73.85159010600707
681,AMD Athlon II X2 260u,609.9935,713,73.85159010600707
682,Intel Celeron 1019Y @ 1.00GHz,495.3935,576,73.85159010600707
683,Intel Atom 230 @ 1.60GHz,168.3035,169,73.85159010600707
684,Intel Xeon w7-2495X,43091.965,58228,73.85159010600707
685,Intel Atom C3538 @ 2.10GHz,1488.597,1889,73.85159010600707
686,Intel Core i7-13700H,26194.2965,27286,73.85159010600707
687,AMD Ryzen 5 5500,17413.6885,19406,73.85159010600707
688,Intel Pentium G620T @ 2.20GHz,988.962,896,73.85159010600707
689,Intel Core i5-13600K,32255.9855,37968,73.85159010600707
690,Intel Core i7-9700F @ 3.00GHz,15938.1395,13251,73.85159010600707
691,AMD Opteron 1352,1468.7455,1547,73.85159010600707
692,Intel Core i9-10980XE @ 3.00GHz,29875.2065,32778,73.85159010600707
693,[Dual CPU] Intel Xeon Silver 4214 @ 2.20GHz,23715.669,26054,73.85159010600707
694,Intel Xeon E3-1275L v3 @ 2.70GHz,5827.264,6290,73.85159010600707
695,AMD Phenom II N830 Triple-Core,1227.016,1222,73.85159010600707
696,Intel Celeron 450 @ 2.20GHz,653.291,415,73.85159010600707
697,Intel Xeon E-2286G @ 4.00GHz,13822.0865,14020,73.85159010600707
698,AMD Ryzen 5 PRO 3400G,8957.642,9086,73.85159010600707
699,Intel Xeon X3380 @ 3.16GHz,3020.0555,2568,73.85159010600707
700,[Dual CPU] Intel Xeon 5110 @ 1.60GHz,684.606,1373,73.85159010600707
701,AMD EPYC 9634,108550.168,107944,73.85159010600707
702,[Dual CPU] Intel Xeon Silver 4309Y @ 2.80GHz,26148.219,31783,73.85159010600707
703,Intel Core i7-11800H @ 2.30GHz,16323.6155,20472,73.85159010600707
704,AMD Phenom II X3 705e,1299.736,1222,73.85159010600707
705,Intel Celeron B830 @ 1.80GHz,805.125,863,73.85159010600707
706,Intel Core i5-3380M @ 2.90GHz,3104.8325,2916,73.85159010600707
707,AMD Sempron 3100+,234.8415,298,73.85159010600707
708,Intel Pentium B970 @ 2.30GHz,1030.6115,1088,73.85159010600707
709,Intel Core i7-3687U @ 2.10GHz,3229.6435,2645,73.85159010600707
710,Intel Xeon E5-2695 v4 @ 2.10GHz,18675.869,19109,73.85159010600707
711,AMD Ryzen 5 PRO 5675U,15184.622,14657,73.85159010600707
712,AMD Ryzen 9 PRO 7940HS,22139.493,28053,73.85159010600707
713,[Dual CPU] Intel Xeon E5607 @ 2.27GHz,5471.3,4969,73.85159010600707
714,Intel Xeon W-3245M @ 3.20GHz,25798.043,26814,73.85159010600707
715,[Quad CPU] Intel Xeon E7- 8870 @ 2.40GHz,21244.185,24434,73.85159010600707
716,Intel Xeon E5-2663 v3 @ 2.80GHz,13089.1,11777,73.85159010600707
717,Intel Core i7-8565UC @ 1.80GHz,14726.761,6187,73.85159010600707
718,AMD Ryzen 3 4300G,11422.275,10922,73.85159010600707
719,[Dual CPU] Intel Xeon Gold 6230 @ 2.10GHz,51051.362,45041,73.85159010600707
720,AMD Ryzen 5 7540U,25847.6645,18855,73.85159010600707
721,Intel Core i9-7940X @ 3.10GHz,26304.1885,26036,73.85159010600707
722,Intel Core i7-14700,46209.9405,43659,73.85159010600707
723,[Quad CPU] Intel Xeon E7-8891 v4 @ 2.80GHz,44323.5225,47104,73.85159010600707
724,[Dual CPU] Intel Xeon Gold 6242 @ 2.80GHz,33542.1195,37742,73.85159010600707
725,Intel Core i7-7700 @ 3.60GHz,9054.7715,8647,73.85159010600707
726,Intel Core2 Duo E6300 @ 1.86GHz,560.347,634,73.85159010600707
727,[Dual CPU] Intel Xeon E5-2440 v2 @ 1.90GHz,13115.876,13818,73.85159010600707
728,Intel Xeon E5-2640 v3 @ 2.60GHz,7874.9865,11107,73.85159010600707
729,Intel Pentium 4 1.90GHz,158.54,104,73.85159010600707
730,Intel Celeron J4125 @ 2.00GHz,2614.944,2957,73.85159010600707
731,AMD Turion X2 Dual Core Mobile RM-76,692.185,691,73.85159010600707
732,Intel Celeron 3955U @ 2.00GHz,1883.6145,1507,73.85159010600707
733,Intel Core i5-3570 @ 3.40GHz,5204.818,4929,73.85159010600707
734,Intel Atom Z3775D @ 1.49GHz,2995.961,794,73.85159010600707
735,Athlon 64 Dual Core 5000+,1185.2005,850,73.85159010600707
736,Intel N50,6868.5555,2907,73.85159010600707
737,Intel Core i7-9700T @ 2.00GHz,13468.346,10782,73.85159010600707
738,AMD Athlon 64 X2 Dual-Core TK-42,486.8625,577,73.85159010600707
739,AMD Phenom 9150e Quad-Core,1212.575,1414,73.85159010600707
740,Intel Core i3-4130 @ 3.40GHz,4189.6565,3314,73.85159010600707
741,AMD FX-6100 Six-Core,2608.1885,3684,73.85159010600707
742,Intel Core i3-1215UL,5890.8535,6161,73.85159010600707
743,Intel Celeron SU2300 @ 1.20GHz,458.5595,482,73.85159010600707
744,Intel Xeon E3-1275 v5 @ 3.60GHz,7071.6285,8501,73.85159010600707
745,Intel Atom P5342,10912.477,12291,73.85159010600707
746,AMD Ryzen 5 PRO 4650U,12943.0285,12624,73.85159010600707
747,AMD Athlon II 170u,514.626,340,73.85159010600707
748,Intel Core i5-1035G7 @ 1.20GHz,7715.776,8132,73.85159010600707
749,Intel Core i7-10700K @ 3.80GHz,20689.2565,18792,73.85159010600707
750,AMD A8-5500 APU,2263.3775,2610,73.85159010600707
751,[Dual CPU] Intel Xeon E5-2640 v3 @ 2.60GHz,16598.7505,17438,73.85159010600707
752,AMD EPYC 7232P,14938.863,17731,73.85159010600707
753,AMD Athlon XP 3200+,217.998,281,73.85159010600707
754,AMD TurionX2 Ultra DualCore Mobile ZM-87,713.049,599,73.85159010600707
755,Intel Core i7-4750HQ @ 2.00GHz,5179.9545,5693,73.85159010600707
756,AMD Phenom FX-5000 Quad-Core,1298.4925,1599,73.85159010600707
757,[Dual CPU] AMD Opteron 6380,12611.2775,12377,73.85159010600707
758,Intel Xeon E3-1280 v6 @ 3.90GHz,6676.396,9032,73.85159010600707
759,AMD G-T52R,246.522,177,73.85159010600707
760,Intel Pentium G860 @ 3.00GHz,1500.896,1459,73.85159010600707
761,Intel Core2 Duo T7700 @ 2.40GHz,999.567,948,73.85159010600707
762,Intel Celeron G1820TE @ 2.20GHz,1152.2955,1020,73.85159010600707
763,AMD Ryzen 7 PRO 1700,11857.725,14658,73.85159010600707
764,AMD A8-5557M APU,1748.8845,1801,73.85159010600707
765,Intel Core i3-9100 @ 3.60GHz,6618.0505,6623,73.85159010600707
766,[Dual CPU] Intel Xeon E5-2428L @ 1.80GHz,5424.2835,8500,73.85159010600707
767,Intel Core i3-2350M @ 2.30GHz,1139.7805,1251,73.85159010600707
768,AMD Ryzen 3 4100,12155.015,11074,73.85159010600707
769,AMD Athlon II Neo K145,592.4225,298,73.85159010600707
770,Intel Core i3-5005U @ 2.00GHz,1896.3065,2023,73.85159010600707
771,[Quad CPU] AMD Opteron 6282 SE,8552.7975,12083,73.85159010600707
772,[Quad CPU] Intel Xeon @ 2.20GHz,1231.0645,2167,73.85159010600707
773,Intel Xeon E5-1650 v4 @ 3.60GHz,11744.321,11452,73.85159010600707
774,[Dual CPU] AMD EPYC 9124,66647.4225,60915,73.85159010600707
775,Intel Xeon E5-2650L @ 1.80GHz,6706.4845,6192,73.85159010600707
776,AMD Athlon X4 850,2629.503,3366,73.85159010600707
777,Intel Core i3-1005G1 @ 1.20GHz,7931.648,4919,73.85159010600707
778,Intel Celeron 1017U @ 1.60GHz,986.897,893,73.85159010600707
779,Intel Core i5-3439Y @ 1.50GHz,2196.7565,1907,73.85159010600707
780,Intel Xeon E5-2676 v3 @ 2.40GHz,12331.9245,13501,73.85159010600707
781,AMD Phenom II X920 Quad-Core,1479.451,1669,73.85159010600707
782,AMD Ryzen 5 2500X,8658.319,9469,73.85159010600707
783,Intel Celeron G550 @ 2.60GHz,1229.3245,1259,73.85159010600707
784,Intel Xeon E5-2609 @ 2.40GHz,2547.489,2823,73.85159010600707
785,Intel Core M-5Y31 @ 0.90GHz,2649.5445,1899,73.85159010600707
786,Intel Xeon Silver 4210 @ 2.20GHz,13938.976,13457,73.85159010600707
787,[Dual CPU] Intel Xeon Gold 5215 @ 2.50GHz,23060.018,22066,73.85159010600707
788,AMD 3015e,2379.4585,2724,73.85159010600707
789,AMD A6-6310 APU,1388.0705,1675,73.85159010600707
790,AMD Athlon II X2 4400e,1076.9595,944,73.85159010600707
791,AMD Ryzen 7 PRO 8700GE,40060.151,30199,73.85159010600707
792,Intel Core i7-3517UE @ 1.70GHz,2666.6095,2384,73.85159010600707
793,Intel Xeon E5335 @ 2.00GHz,1599.9275,1549,73.85159010600707
794,Intel Xeon X5677 @ 3.47GHz,4946.7735,5043,73.85159010600707
795,[Dual CPU] Intel Xeon X5675 @ 3.07GHz,11061.179,11693,73.85159010600707
796,Intel Core i5-9500F @ 3.00GHz,10774.561,10031,73.85159010600707
797,Intel Core2 Extreme X7900 @ 2.80GHz,1058.5835,1104,73.85159010600707
798,Intel T2050 @ 2.00GHz,468.7465,516,73.85159010600707
799,AMD Ryzen 3 8300GE,21311.6845,13846,73.85159010600707
800,AMD A4-3320M APU,654.379,668,73.85159010600707
801,AMD Opteron 152,408.975,428,73.85159010600707
802,Intel Xeon E5462 @ 2.80GHz,2503.4795,2146,73.85159010600707
803,Intel Xeon E5-4627 v3 @ 2.60GHz,9495.472,11344,73.85159010600707
804,AMD Athlon 220GE,4451.901,4424,73.85159010600707
805,[Quad CPU] Intel Xeon E7330 @ 2.40GHz,6619.409,6792,73.85159010600707
806,Intel Core i7-9850HE @ 2.70GHz,8593.9115,10868,73.85159010600707
807,AMD Ryzen 7 6800HS,20649.0095,23015,73.85159010600707
808,Intel Xeon E5-2608L v4 @ 1.60GHz,3157.678,7447,73.85159010600707
809,Intel Core2 Duo E6550 @ 2.33GHz,885.984,898,73.85159010600707
810,AMD Phenom II X4 B93,2159.3155,2159,73.85159010600707
811,Intel Core i3-3227U @ 1.90GHz,1177.7585,1290,73.85159010600707
812,Intel Core2 Duo U7600 @ 1.20GHz,420.1665,347,73.85159010600707
813,[Dual CPU] AMD EPYC 7742,81979.5555,94081,73.85159010600707
814,Intel Xeon W-1270E @ 3.40GHz,21127.8255,18635,73.85159010600707
815,AMD Ryzen 7 5700GE,24116.814,22436,73.85159010600707
816,AMD Ryzen 7 5800H,15579.7165,21029,73.85159010600707
817,AMD Phenom II X2 555,1566.72,1296,73.85159010600707
818,Intel Core i9-10900X @ 3.70GHz,24193.5945,22479,73.85159010600707
819,Intel Xeon W-1290 @ 3.20GHz,16509.522,20071,73.85159010600707
820,AMD Ryzen 3 3250C,4434.544,3153,73.85159010600707
821,AMD Phenom II X4 970,3916.614,2739,73.85159010600707
822,Intel Xeon E5320 @ 1.86GHz,1407.229,1469,73.85159010600707
823,Intel Core i3-8140U @ 2.10GHz,5147.0615,4227,73.85159010600707
824,AMD Athlon II X2 B24,1137.186,1120,73.85159010600707
825,AMD A4-3420 APU,1057.7395,1054,73.85159010600707
826,Intel Core i5-4310M @ 2.70GHz,3093.9565,3100,73.85159010600707
827,[Dual CPU] Intel Xeon E5-2673 v4 @ 2.30GHz,40056.767,37891,73.85159010600707
828,Intel Xeon W-3265 @ 2.70GHz,29048.196,30105,73.85159010600707
829,Intel Core i7-4710HQ @ 2.50GHz,5358.1005,5534,73.85159010600707
830,Intel Core i7-2640M @ 2.80GHz,2317.184,2465,73.85159010600707
831,Intel Core i7-4610M @ 3.00GHz,3278.965,3217,73.85159010600707
832,[Dual CPU] Intel Xeon Gold 6230R @ 2.10GHz,50741.3095,53762,73.85159010600707
833,AMD Opteron X3216 APU,1700.2935,1475,73.85159010600707
834,AMD Ryzen 5 PRO 2400G,8212.5945,8506,73.85159010600707
835,[Dual CPU] AMD Opteron 2374 HE,3163.6615,3667,73.85159010600707
836,Intel Xeon X5667 @ 3.07GHz,4085.4085,4659,73.85159010600707
837,Intel Xeon E5-1607 @ 3.00GHz,4411.792,3731,73.85159010600707
838,Intel Xeon E3-1240 v6 @ 3.70GHz,8018.8135,8645,73.85159010600707
839,Intel Core i7-4550U @ 1.50GHz,2236.7945,2272,73.85159010600707
840,Intel Pentium 4 2.80GHz,342.6965,237,73.85159010600707
841,AMD Athlon 5350 APU,1334.4735,1780,73.85159010600707
842,Intel Core i7-3612QM @ 2.10GHz,5215.709,4655,73.85159010600707
843,Intel Core2 Duo E8600 @ 3.33GHz,1523.3285,1376,73.85159010600707
844,Intel Core i3-7100T @ 3.40GHz,3223.3065,3757,73.85159010600707
845,[Dual CPU] Intel Xeon W5590 @ 3.33GHz,6714.2895,6640,73.85159010600707
846,Intel Pentium G6960 @ 2.93GHz,1404.858,1433,73.85159010600707
847,Intel Xeon E E-2434,21744.5265,16432,73.85159010600707
848,Intel Xeon E3-1275 v3 @ 3.50GHz,6081.497,7213,73.85159010600707
